locale	ui_path	surface	target_text	placeholders	source_style_guide	source_phrasebook	review_focus	native_review_status	reviewer_notes
zh-Hans	complianceAndMonetization.complianceLinks.links.aboutTheTest	complianceAndMonetization	关于考试		docs/localization/sample-corpus/zh-Hans/style-guide.md	locales/zh-Hans/phrasebook.md	monetization_copy	pending_native_review	pending_reviewer_notes
zh-Hans	complianceAndMonetization.complianceLinks.links.disclaimer	complianceAndMonetization	说明		docs/localization/sample-corpus/zh-Hans/style-guide.md	locales/zh-Hans/phrasebook.md	monetization_copy	pending_native_review	pending_reviewer_notes
zh-Hans	complianceAndMonetization.complianceLinks.links.privacy	complianceAndMonetization	隐私		docs/localization/sample-corpus/zh-Hans/style-guide.md	locales/zh-Hans/phrasebook.md	privacy_boundary	pending_native_review	pending_reviewer_notes
zh-Hans	complianceAndMonetization.complianceLinks.links.sources	complianceAndMonetization	资料来源		docs/localization/sample-corpus/zh-Hans/style-guide.md	locales/zh-Hans/phrasebook.md	monetization_copy	pending_native_review	pending_reviewer_notes
zh-Hans	complianceAndMonetization.complianceLinks.links.support	complianceAndMonetization	支持		docs/localization/sample-corpus/zh-Hans/style-guide.md	locales/zh-Hans/phrasebook.md	monetization_copy	pending_native_review	pending_reviewer_notes
zh-Hans	complianceAndMonetization.complianceLinks.links.terms	complianceAndMonetization	条款		docs/localization/sample-corpus/zh-Hans/style-guide.md	locales/zh-Hans/phrasebook.md	monetization_copy	pending_native_review	pending_reviewer_notes
zh-Hans	complianceAndMonetization.complianceLinks.openLabelTemplate	complianceAndMonetization	打开：{label}	{label}	docs/localization/sample-corpus/zh-Hans/style-guide.md	locales/zh-Hans/phrasebook.md	monetization_copy	pending_native_review	pending_reviewer_notes
zh-Hans	complianceAndMonetization.complianceLinks.title	complianceAndMonetization	法律信息和资料来源		docs/localization/sample-corpus/zh-Hans/style-guide.md	locales/zh-Hans/phrasebook.md	monetization_copy	pending_native_review	pending_reviewer_notes
zh-Hans	complianceAndMonetization.legalPage.defaultBackAccessibilityLabel	complianceAndMonetization	返回个人页		docs/localization/sample-corpus/zh-Hans/style-guide.md	locales/zh-Hans/phrasebook.md	accessibility_label	pending_native_review	pending_reviewer_notes
zh-Hans	complianceAndMonetization.legalPage.defaultBackLabel	complianceAndMonetization	← 返回个人页		docs/localization/sample-corpus/zh-Hans/style-guide.md	locales/zh-Hans/phrasebook.md	monetization_copy	pending_native_review	pending_reviewer_notes
zh-Hans	complianceAndMonetization.legalPage.externalLinkAccessibilityTemplate	complianceAndMonetization	打开外部网站：{label}	{label}	docs/localization/sample-corpus/zh-Hans/style-guide.md	locales/zh-Hans/phrasebook.md	monetization_copy	pending_native_review	pending_reviewer_notes
zh-Hans	complianceAndMonetization.monetization.buyAccessibilityHint	complianceAndMonetization	应用商店确认后，学习页面广告会被移除。考试模式本来就不显示广告。		docs/localization/sample-corpus/zh-Hans/style-guide.md	locales/zh-Hans/phrasebook.md	monetization_copy	pending_native_review	pending_reviewer_notes
zh-Hans	complianceAndMonetization.monetization.buyAccessibilityLabelTemplate	complianceAndMonetization	以 {price} 购买“移除广告”	{price}	docs/localization/sample-corpus/zh-Hans/style-guide.md	locales/zh-Hans/phrasebook.md	accessibility_label	pending_native_review	pending_reviewer_notes
zh-Hans	complianceAndMonetization.monetization.buying	complianceAndMonetization	正在购买…		docs/localization/sample-corpus/zh-Hans/style-guide.md	locales/zh-Hans/phrasebook.md	monetization_copy	pending_native_review	pending_reviewer_notes
zh-Hans	complianceAndMonetization.monetization.buyLabelTemplate	complianceAndMonetization	购买 {price}	{price}	docs/localization/sample-corpus/zh-Hans/style-guide.md	locales/zh-Hans/phrasebook.md	monetization_copy	pending_native_review	pending_reviewer_notes
zh-Hans	complianceAndMonetization.monetization.placementBody	complianceAndMonetization	应用商店确认后，这个广告位和其他学习页面广告都会隐藏。计时模拟考试已经不显示广告。		docs/localization/sample-corpus/zh-Hans/style-guide.md	locales/zh-Hans/phrasebook.md	monetization_copy	pending_native_review	pending_reviewer_notes
zh-Hans	complianceAndMonetization.monetization.placementTitleTemplate	complianceAndMonetization	移除 {placementLabel} 附近的广告	{placementLabel}	docs/localization/sample-corpus/zh-Hans/style-guide.md	locales/zh-Hans/phrasebook.md	monetization_copy	pending_native_review	pending_reviewer_notes
zh-Hans	complianceAndMonetization.monetization.pricingPitchTemplate	complianceAndMonetization	一次性支付 {price} 移除广告。没有订阅，计时模拟考试始终不显示广告。	{price}	docs/localization/sample-corpus/zh-Hans/style-guide.md	locales/zh-Hans/phrasebook.md	monetization_copy	pending_native_review	pending_reviewer_notes
zh-Hans	complianceAndMonetization.monetization.pricingProofTemplate	complianceAndMonetization	{questionCount} 道练习题，覆盖 {chapterCount} 个章节	{questionCount},{chapterCount}	docs/localization/sample-corpus/zh-Hans/style-guide.md	locales/zh-Hans/phrasebook.md	monetization_copy	pending_native_review	pending_reviewer_notes
zh-Hans	complianceAndMonetization.monetization.removeAdsActiveEyebrow	complianceAndMonetization	已启用无广告学习		docs/localization/sample-corpus/zh-Hans/style-guide.md	locales/zh-Hans/phrasebook.md	monetization_copy	pending_native_review	pending_reviewer_notes
zh-Hans	complianceAndMonetization.monetization.removeAdsActiveTitle	complianceAndMonetization	无广告学习已启用		docs/localization/sample-corpus/zh-Hans/style-guide.md	locales/zh-Hans/phrasebook.md	monetization_copy	pending_native_review	pending_reviewer_notes
zh-Hans	complianceAndMonetization.monetization.removeAdsBodyTemplate	complianceAndMonetization	免费学习页面会显示 AdMob 广告。一次性支付 {price}，即可移除学习页面广告；模拟考试页面本来就不显示广告。	{price}	docs/localization/sample-corpus/zh-Hans/style-guide.md	locales/zh-Hans/phrasebook.md	monetization_copy	pending_native_review	pending_reviewer_notes
zh-Hans	complianceAndMonetization.monetization.removeAdsEyebrow	complianceAndMonetization	移除广告		docs/localization/sample-corpus/zh-Hans/style-guide.md	locales/zh-Hans/phrasebook.md	monetization_copy	pending_native_review	pending_reviewer_notes
zh-Hans	complianceAndMonetization.monetization.removeAdsTitle	complianceAndMonetization	移除广告		docs/localization/sample-corpus/zh-Hans/style-guide.md	locales/zh-Hans/phrasebook.md	monetization_copy	pending_native_review	pending_reviewer_notes
zh-Hans	complianceAndMonetization.monetization.restoreAccessibilityHint	complianceAndMonetization	检查同一个应用商店账号是否已经购买过“移除广告”。		docs/localization/sample-corpus/zh-Hans/style-guide.md	locales/zh-Hans/phrasebook.md	monetization_copy	pending_native_review	pending_reviewer_notes
zh-Hans	complianceAndMonetization.monetization.restoreAccessibilityLabel	complianceAndMonetization	恢复“移除广告”购买		docs/localization/sample-corpus/zh-Hans/style-guide.md	locales/zh-Hans/phrasebook.md	accessibility_label	pending_native_review	pending_reviewer_notes
zh-Hans	complianceAndMonetization.monetization.restoreLabel	complianceAndMonetization	恢复购买		docs/localization/sample-corpus/zh-Hans/style-guide.md	locales/zh-Hans/phrasebook.md	monetization_copy	pending_native_review	pending_reviewer_notes
zh-Hans	complianceAndMonetization.monetization.restoring	complianceAndMonetization	正在恢复…		docs/localization/sample-corpus/zh-Hans/style-guide.md	locales/zh-Hans/phrasebook.md	monetization_copy	pending_native_review	pending_reviewer_notes
zh-Hans	complianceAndMonetization.monetization.statusAccessibilityTemplate	complianceAndMonetization	移除广告状态：{message}	{message}	docs/localization/sample-corpus/zh-Hans/style-guide.md	locales/zh-Hans/phrasebook.md	monetization_copy	pending_native_review	pending_reviewer_notes
zh-Hans	complianceAndMonetization.monetization.statusMessages.error	complianceAndMonetization	当前无法购买。请稍后再试。		docs/localization/sample-corpus/zh-Hans/style-guide.md	locales/zh-Hans/phrasebook.md	monetization_copy	pending_native_review	pending_reviewer_notes
zh-Hans	complianceAndMonetization.monetization.statusMessages.idle	complianceAndMonetization	一次性购买。如果你已经买过，可以恢复购买。		docs/localization/sample-corpus/zh-Hans/style-guide.md	locales/zh-Hans/phrasebook.md	monetization_copy	pending_native_review	pending_reviewer_notes
zh-Hans	complianceAndMonetization.monetization.statusMessages.notFound	complianceAndMonetization	没有找到之前的“移除广告”购买记录。		docs/localization/sample-corpus/zh-Hans/style-guide.md	locales/zh-Hans/phrasebook.md	monetization_copy	pending_native_review	pending_reviewer_notes
zh-Hans	complianceAndMonetization.monetization.statusMessages.pending	complianceAndMonetization	正在等待应用商店确认，然后再移除广告。		docs/localization/sample-corpus/zh-Hans/style-guide.md	locales/zh-Hans/phrasebook.md	monetization_copy	pending_native_review	pending_reviewer_notes
zh-Hans	complianceAndMonetization.monetization.statusMessages.persistenceFailed	complianceAndMonetization	购买已确认，但本设备未能保存无广告状态。请尝试恢复购买。		docs/localization/sample-corpus/zh-Hans/style-guide.md	locales/zh-Hans/phrasebook.md	monetization_copy	pending_native_review	pending_reviewer_notes
zh-Hans	complianceAndMonetization.monetization.statusMessages.purchased	complianceAndMonetization	本设备上的广告已关闭。		docs/localization/sample-corpus/zh-Hans/style-guide.md	locales/zh-Hans/phrasebook.md	monetization_copy	pending_native_review	pending_reviewer_notes
zh-Hans	complianceAndMonetization.monetization.statusMessages.restored	complianceAndMonetization	购买已恢复，本设备上的广告已关闭。		docs/localization/sample-corpus/zh-Hans/style-guide.md	locales/zh-Hans/phrasebook.md	monetization_copy	pending_native_review	pending_reviewer_notes
zh-Hans	complianceAndMonetization.privacy.adConsent.body	complianceAndMonetization	在 iOS 上，基于跟踪的广告会先请求 App Tracking Transparency 授权。需要时，会先显示 Google UMP 同意表单，再显示真实 AdMob 广告。		docs/localization/sample-corpus/zh-Hans/style-guide.md	locales/zh-Hans/phrasebook.md	privacy_boundary	pending_native_review	pending_reviewer_notes
zh-Hans	complianceAndMonetization.privacy.adConsent.title	complianceAndMonetization	广告同意		docs/localization/sample-corpus/zh-Hans/style-guide.md	locales/zh-Hans/phrasebook.md	privacy_boundary	pending_native_review	pending_reviewer_notes
zh-Hans	complianceAndMonetization.privacy.adsAndPurchases.body	complianceAndMonetization	免费版本会在学习页面显示 Google Mobile Ads 广告。计时模拟考试页面不显示广告。移除广告是一次性非消耗型购买，价格为 29 瑞典克朗，可通过应用商店恢复。		docs/localization/sample-corpus/zh-Hans/style-guide.md	locales/zh-Hans/phrasebook.md	privacy_boundary	pending_native_review	pending_reviewer_notes
zh-Hans	complianceAndMonetization.privacy.adsAndPurchases.title	complianceAndMonetization	广告和购买		docs/localization/sample-corpus/zh-Hans/style-guide.md	locales/zh-Hans/phrasebook.md	privacy_boundary	pending_native_review	pending_reviewer_notes
zh-Hans	complianceAndMonetization.privacy.gdprRights.body	complianceAndMonetization	你可以要求导出或删除通过“支持”页面发送的支持消息。本设备上的进度、设置和购买状态，可以通过卸载应用或清除应用数据删除。		docs/localization/sample-corpus/zh-Hans/style-guide.md	locales/zh-Hans/phrasebook.md	privacy_boundary	pending_native_review	pending_reviewer_notes
zh-Hans	complianceAndMonetization.privacy.gdprRights.title	complianceAndMonetization	你在 GDPR 下的权利		docs/localization/sample-corpus/zh-Hans/style-guide.md	locales/zh-Hans/phrasebook.md	privacy_boundary	pending_native_review	pending_reviewer_notes
zh-Hans	complianceAndMonetization.privacy.localProgressStorage.body	complianceAndMonetization	学习进度、设置、收藏题目、错题、XP、连续学习天数和语音偏好会保存在本设备上，用来记住你的练习状态。		docs/localization/sample-corpus/zh-Hans/style-guide.md	locales/zh-Hans/phrasebook.md	privacy_boundary	pending_native_review	pending_reviewer_notes
zh-Hans	complianceAndMonetization.privacy.localProgressStorage.title	complianceAndMonetization	学习进度保存在本设备上		docs/localization/sample-corpus/zh-Hans/style-guide.md	locales/zh-Hans/phrasebook.md	privacy_boundary	pending_native_review	pending_reviewer_notes
zh-Hans	complianceAndMonetization.privacy.noAccountRequired.body	complianceAndMonetization	本应用不要求注册账号、电子邮箱、电话号码或个人资料。你可以匿名使用完整学习功能。		docs/localization/sample-corpus/zh-Hans/style-guide.md	locales/zh-Hans/phrasebook.md	privacy_boundary	pending_native_review	pending_reviewer_notes
zh-Hans	complianceAndMonetization.privacy.noAccountRequired.title	complianceAndMonetization	无需账号		docs/localization/sample-corpus/zh-Hans/style-guide.md	locales/zh-Hans/phrasebook.md	privacy_boundary	pending_native_review	pending_reviewer_notes
zh-Hans	complianceAndMonetization.privacy.providerProcessing.body	complianceAndMonetization	Google Mobile Ads 和应用商店可能处理设备、广告、同意和购买状态信息，用于展示广告、应用移除广告权益和恢复购买。本应用不收集公民身份状态、移民案件细节、政府证件号或注册个人资料。		docs/localization/sample-corpus/zh-Hans/style-guide.md	locales/zh-Hans/phrasebook.md	privacy_boundary	pending_native_review	pending_reviewer_notes
zh-Hans	complianceAndMonetization.privacy.providerProcessing.title	complianceAndMonetization	服务提供方的数据处理		docs/localization/sample-corpus/zh-Hans/style-guide.md	locales/zh-Hans/phrasebook.md	privacy_boundary	pending_native_review	pending_reviewer_notes
zh-Hans	complianceAndMonetization.privacy.title	complianceAndMonetization	隐私政策		docs/localization/sample-corpus/zh-Hans/style-guide.md	locales/zh-Hans/phrasebook.md	privacy_boundary	pending_native_review	pending_reviewer_notes
zh-Hans	dashboardAndLearning.dashboard.activity.emptyState	dashboardAndLearning	答几道题后，这里会显示你的学习活动图。		docs/localization/sample-corpus/zh-Hans/style-guide.md	locales/zh-Hans/phrasebook.md	native_style_accuracy	pending_native_review	pending_reviewer_notes
zh-Hans	dashboardAndLearning.dashboard.activity.subtitle	dashboardAndLearning	每个方格代表一天的答题记录。		docs/localization/sample-corpus/zh-Hans/style-guide.md	locales/zh-Hans/phrasebook.md	native_style_accuracy	pending_native_review	pending_reviewer_notes
zh-Hans	dashboardAndLearning.dashboard.activity.summaryTemplate	dashboardAndLearning	这一段时间共答 {totalAnswers} 题，{activeDays} 天有学习记录，单日最多 {maxDayCount} 题。	{totalAnswers},{activeDays},{maxDayCount}	docs/localization/sample-corpus/zh-Hans/style-guide.md	locales/zh-Hans/phrasebook.md	placeholder_interpolation	pending_native_review	pending_reviewer_notes
zh-Hans	dashboardAndLearning.dashboard.activity.title	dashboardAndLearning	活跃日期		docs/localization/sample-corpus/zh-Hans/style-guide.md	locales/zh-Hans/phrasebook.md	native_style_accuracy	pending_native_review	pending_reviewer_notes
zh-Hans	dashboardAndLearning.dashboard.chapterProgress.accuracyLabel	dashboardAndLearning	正确率		docs/localization/sample-corpus/zh-Hans/style-guide.md	locales/zh-Hans/phrasebook.md	native_style_accuracy	pending_native_review	pending_reviewer_notes
zh-Hans	dashboardAndLearning.dashboard.chapterProgress.chapterOrder	dashboardAndLearning	按章节顺序		docs/localization/sample-corpus/zh-Hans/style-guide.md	locales/zh-Hans/phrasebook.md	native_style_accuracy	pending_native_review	pending_reviewer_notes
zh-Hans	dashboardAndLearning.dashboard.chapterProgress.coverageLabel	dashboardAndLearning	覆盖度		docs/localization/sample-corpus/zh-Hans/style-guide.md	locales/zh-Hans/phrasebook.md	native_style_accuracy	pending_native_review	pending_reviewer_notes
zh-Hans	dashboardAndLearning.dashboard.chapterProgress.emptyState	dashboardAndLearning	答题后，这里会显示各章节的进度。		docs/localization/sample-corpus/zh-Hans/style-guide.md	locales/zh-Hans/phrasebook.md	native_style_accuracy	pending_native_review	pending_reviewer_notes
zh-Hans	dashboardAndLearning.dashboard.chapterProgress.linkLabelTemplate	dashboardAndLearning	打开章节：{chapterName}	{chapterName}	docs/localization/sample-corpus/zh-Hans/style-guide.md	locales/zh-Hans/phrasebook.md	placeholder_interpolation	pending_native_review	pending_reviewer_notes
zh-Hans	dashboardAndLearning.dashboard.chapterProgress.sortAccessibilityLabelTemplate	dashboardAndLearning	章节排序方式：{mode}	{mode}	docs/localization/sample-corpus/zh-Hans/style-guide.md	locales/zh-Hans/phrasebook.md	accessibility_label	pending_native_review	pending_reviewer_notes
zh-Hans	dashboardAndLearning.dashboard.chapterProgress.subtitle	dashboardAndLearning	每个章节同时显示正确率和覆盖度，方便判断下一步复习重点。		docs/localization/sample-corpus/zh-Hans/style-guide.md	locales/zh-Hans/phrasebook.md	native_style_accuracy	pending_native_review	pending_reviewer_notes
zh-Hans	dashboardAndLearning.dashboard.chapterProgress.title	dashboardAndLearning	章节进度		docs/localization/sample-corpus/zh-Hans/style-guide.md	locales/zh-Hans/phrasebook.md	native_style_accuracy	pending_native_review	pending_reviewer_notes
zh-Hans	dashboardAndLearning.dashboard.chapterProgress.weakestFirst	dashboardAndLearning	薄弱章节优先		docs/localization/sample-corpus/zh-Hans/style-guide.md	locales/zh-Hans/phrasebook.md	native_style_accuracy	pending_native_review	pending_reviewer_notes
zh-Hans	dashboardAndLearning.dashboard.eyebrow	dashboardAndLearning	本地学习数据		docs/localization/sample-corpus/zh-Hans/style-guide.md	locales/zh-Hans/phrasebook.md	native_style_accuracy	pending_native_review	pending_reviewer_notes
zh-Hans	dashboardAndLearning.dashboard.homeLink	dashboardAndLearning	返回首页		docs/localization/sample-corpus/zh-Hans/style-guide.md	locales/zh-Hans/phrasebook.md	native_style_accuracy	pending_native_review	pending_reviewer_notes
zh-Hans	dashboardAndLearning.dashboard.homeLinkAccessibilityLabel	dashboardAndLearning	返回首页		docs/localization/sample-corpus/zh-Hans/style-guide.md	locales/zh-Hans/phrasebook.md	accessibility_label	pending_native_review	pending_reviewer_notes
zh-Hans	dashboardAndLearning.dashboard.streakXp.emptyState	dashboardAndLearning	开始答对题目后，XP 折线会显示在这里。		docs/localization/sample-corpus/zh-Hans/style-guide.md	locales/zh-Hans/phrasebook.md	native_style_accuracy	pending_native_review	pending_reviewer_notes
zh-Hans	dashboardAndLearning.dashboard.streakXp.levelLabel	dashboardAndLearning	等级		docs/localization/sample-corpus/zh-Hans/style-guide.md	locales/zh-Hans/phrasebook.md	native_style_accuracy	pending_native_review	pending_reviewer_notes
zh-Hans	dashboardAndLearning.dashboard.streakXp.streakLabel	dashboardAndLearning	连续学习天数		docs/localization/sample-corpus/zh-Hans/style-guide.md	locales/zh-Hans/phrasebook.md	native_style_accuracy	pending_native_review	pending_reviewer_notes
zh-Hans	dashboardAndLearning.dashboard.streakXp.subtitle	dashboardAndLearning	显示最近 30 天的等级和每日学习节奏。		docs/localization/sample-corpus/zh-Hans/style-guide.md	locales/zh-Hans/phrasebook.md	native_style_accuracy	pending_native_review	pending_reviewer_notes
zh-Hans	dashboardAndLearning.dashboard.streakXp.summaryTemplate	dashboardAndLearning	最近 30 天获得 {totalXp} XP，{activeDays} 天有学习记录，连续学习 {currentStreak} 天，等级 {level}。	{totalXp},{activeDays},{currentStreak},{level}	docs/localization/sample-corpus/zh-Hans/style-guide.md	locales/zh-Hans/phrasebook.md	placeholder_interpolation	pending_native_review	pending_reviewer_notes
zh-Hans	dashboardAndLearning.dashboard.streakXp.title	dashboardAndLearning	连续学习和 XP		docs/localization/sample-corpus/zh-Hans/style-guide.md	locales/zh-Hans/phrasebook.md	native_style_accuracy	pending_native_review	pending_reviewer_notes
zh-Hans	dashboardAndLearning.dashboard.subtitle	dashboardAndLearning	查看最近的练习活动、已覆盖的章节，以及连续学习天数的变化。		docs/localization/sample-corpus/zh-Hans/style-guide.md	locales/zh-Hans/phrasebook.md	native_style_accuracy	pending_native_review	pending_reviewer_notes
zh-Hans	dashboardAndLearning.dashboard.summaryAccessibilityTemplate	dashboardAndLearning	进度概览：本周已答 {questionsAnswered} 题，已练习 {touchedChapters} 个章节，{unresolvedMistakes} 个待复习错题。	{questionsAnswered},{touchedChapters},{unresolvedMistakes}	docs/localization/sample-corpus/zh-Hans/style-guide.md	locales/zh-Hans/phrasebook.md	placeholder_interpolation	pending_native_review	pending_reviewer_notes
zh-Hans	dashboardAndLearning.dashboard.summaryLineTemplate	dashboardAndLearning	本周已答 {questionsAnswered} 题 · 已练习 {touchedChapters} 个章节 · {unresolvedMistakes} 个待复习错题	{questionsAnswered},{touchedChapters},{unresolvedMistakes}	docs/localization/sample-corpus/zh-Hans/style-guide.md	locales/zh-Hans/phrasebook.md	placeholder_interpolation	pending_native_review	pending_reviewer_notes
zh-Hans	dashboardAndLearning.dashboard.title	dashboardAndLearning	进度概览		docs/localization/sample-corpus/zh-Hans/style-guide.md	locales/zh-Hans/phrasebook.md	native_style_accuracy	pending_native_review	pending_reviewer_notes
zh-Hans	dashboardAndLearning.learning.chapterCard.accessibilityLabels.chapterTemplate	dashboardAndLearning	章节：{title}	{title}	docs/localization/sample-corpus/zh-Hans/style-guide.md	locales/zh-Hans/phrasebook.md	accessibility_label	pending_native_review	pending_reviewer_notes
zh-Hans	dashboardAndLearning.learning.chapterCard.accessibilityLabels.descriptionTemplate	dashboardAndLearning	说明：{description}	{description}	docs/localization/sample-corpus/zh-Hans/style-guide.md	locales/zh-Hans/phrasebook.md	accessibility_label	pending_native_review	pending_reviewer_notes
zh-Hans	dashboardAndLearning.learning.chapterCard.accessibilityLabels.secondaryNameTemplate	dashboardAndLearning	另一种名称：{name}	{name}	docs/localization/sample-corpus/zh-Hans/style-guide.md	locales/zh-Hans/phrasebook.md	accessibility_label	pending_native_review	pending_reviewer_notes
zh-Hans	dashboardAndLearning.learning.chapterCard.accessibilityLabels.statusTemplate	dashboardAndLearning	状态：{status}	{status}	docs/localization/sample-corpus/zh-Hans/style-guide.md	locales/zh-Hans/phrasebook.md	accessibility_label	pending_native_review	pending_reviewer_notes
zh-Hans	dashboardAndLearning.learning.chapterCard.chapterUnavailable	dashboardAndLearning	章节暂不可用		docs/localization/sample-corpus/zh-Hans/style-guide.md	locales/zh-Hans/phrasebook.md	native_style_accuracy	pending_native_review	pending_reviewer_notes
zh-Hans	dashboardAndLearning.learning.chapterCard.contentQueued	dashboardAndLearning	内容已列入计划		docs/localization/sample-corpus/zh-Hans/style-guide.md	locales/zh-Hans/phrasebook.md	native_style_accuracy	pending_native_review	pending_reviewer_notes
zh-Hans	dashboardAndLearning.learning.chapterCard.practicedStatusTemplate	dashboardAndLearning	已练习 {completedCount}/{questionCount} 题	{completedCount},{questionCount}	docs/localization/sample-corpus/zh-Hans/style-guide.md	locales/zh-Hans/phrasebook.md	placeholder_interpolation	pending_native_review	pending_reviewer_notes
zh-Hans	dashboardAndLearning.learning.chapterLink.accessibilityTemplate	dashboardAndLearning	打开章节：{primaryName}。另一种名称：{secondaryName}。进度：{progressLabel}。	{primaryName},{secondaryName},{progressLabel}	docs/localization/sample-corpus/zh-Hans/style-guide.md	locales/zh-Hans/phrasebook.md	placeholder_interpolation	pending_native_review	pending_reviewer_notes
zh-Hans	dashboardAndLearning.learning.chapterLink.contentQueued	dashboardAndLearning	内容已列入计划		docs/localization/sample-corpus/zh-Hans/style-guide.md	locales/zh-Hans/phrasebook.md	native_style_accuracy	pending_native_review	pending_reviewer_notes
zh-Hans	dashboardAndLearning.learning.chapterLink.progressTemplate	dashboardAndLearning	已练习 {completedCount}/{questionCount} 题	{completedCount},{questionCount}	docs/localization/sample-corpus/zh-Hans/style-guide.md	locales/zh-Hans/phrasebook.md	placeholder_interpolation	pending_native_review	pending_reviewer_notes
zh-Hans	dashboardAndLearning.learning.chapterProgressCard.accuracyLabel	dashboardAndLearning	正确率		docs/localization/sample-corpus/zh-Hans/style-guide.md	locales/zh-Hans/phrasebook.md	native_style_accuracy	pending_native_review	pending_reviewer_notes
zh-Hans	dashboardAndLearning.learning.chapterProgressCard.answeredLabel	dashboardAndLearning	已答		docs/localization/sample-corpus/zh-Hans/style-guide.md	locales/zh-Hans/phrasebook.md	native_style_accuracy	pending_native_review	pending_reviewer_notes
zh-Hans	dashboardAndLearning.learning.chapterProgressCard.correctLabel	dashboardAndLearning	答对		docs/localization/sample-corpus/zh-Hans/style-guide.md	locales/zh-Hans/phrasebook.md	native_style_accuracy	pending_native_review	pending_reviewer_notes
zh-Hans	dashboardAndLearning.learning.chapterProgressCard.progressTemplate	dashboardAndLearning	完成度 {progressPercent}%	{progressPercent}	docs/localization/sample-corpus/zh-Hans/style-guide.md	locales/zh-Hans/phrasebook.md	placeholder_interpolation	pending_native_review	pending_reviewer_notes
zh-Hans	dashboardAndLearning.learning.eyebrow	dashboardAndLearning	学习路径		docs/localization/sample-corpus/zh-Hans/style-guide.md	locales/zh-Hans/phrasebook.md	native_style_accuracy	pending_native_review	pending_reviewer_notes
zh-Hans	dashboardAndLearning.learning.flashcardSectionSubtitle	dashboardAndLearning	从题库中抽出三张有资料依据的卡片。先读题、说出答案，再马上对照。		docs/localization/sample-corpus/zh-Hans/style-guide.md	locales/zh-Hans/phrasebook.md	native_style_accuracy	pending_native_review	pending_reviewer_notes
zh-Hans	dashboardAndLearning.learning.flashcardSectionTitle	dashboardAndLearning	快速抽认卡		docs/localization/sample-corpus/zh-Hans/style-guide.md	locales/zh-Hans/phrasebook.md	native_style_accuracy	pending_native_review	pending_reviewer_notes
zh-Hans	dashboardAndLearning.learning.sectionSubtitle	dashboardAndLearning	按接近资料来源的章节学习，然后用同一批内容练习。		docs/localization/sample-corpus/zh-Hans/style-guide.md	locales/zh-Hans/phrasebook.md	native_style_accuracy	pending_native_review	pending_reviewer_notes
zh-Hans	dashboardAndLearning.learning.sectionTitle	dashboardAndLearning	13 个社会知识领域		docs/localization/sample-corpus/zh-Hans/style-guide.md	locales/zh-Hans/phrasebook.md	native_style_accuracy	pending_native_review	pending_reviewer_notes
zh-Hans	dashboardAndLearning.learning.subtitle	dashboardAndLearning	每个章节都会显示范围和本设备上的学习进度，帮助你决定先学哪里。		docs/localization/sample-corpus/zh-Hans/style-guide.md	locales/zh-Hans/phrasebook.md	native_style_accuracy	pending_native_review	pending_reviewer_notes
zh-Hans	dashboardAndLearning.learning.title	dashboardAndLearning	按章节学习，下一步更清楚		docs/localization/sample-corpus/zh-Hans/style-guide.md	locales/zh-Hans/phrasebook.md	native_style_accuracy	pending_native_review	pending_reviewer_notes
zh-Hans	entryPoints.home.browseChapters	entryPoints	浏览章节		docs/localization/sample-corpus/zh-Hans/style-guide.md	locales/zh-Hans/phrasebook.md	native_style_accuracy	pending_native_review	pending_reviewer_notes
zh-Hans	entryPoints.home.browseChaptersAccessibilityLabel	entryPoints	浏览全部社会知识章节		docs/localization/sample-corpus/zh-Hans/style-guide.md	locales/zh-Hans/phrasebook.md	accessibility_label	pending_native_review	pending_reviewer_notes
zh-Hans	entryPoints.home.eyebrow	entryPoints	学习概览		docs/localization/sample-corpus/zh-Hans/style-guide.md	locales/zh-Hans/phrasebook.md	native_style_accuracy	pending_native_review	pending_reviewer_notes
zh-Hans	entryPoints.home.feedbackLink	entryPoints	复习已保存的题目		docs/localization/sample-corpus/zh-Hans/style-guide.md	locales/zh-Hans/phrasebook.md	native_style_accuracy	pending_native_review	pending_reviewer_notes
zh-Hans	entryPoints.home.feedbackLinkAccessibilityLabel	entryPoints	复习已收藏或答错的题目		docs/localization/sample-corpus/zh-Hans/style-guide.md	locales/zh-Hans/phrasebook.md	accessibility_label	pending_native_review	pending_reviewer_notes
zh-Hans	entryPoints.home.feedbackText	entryPoints	收藏题和错题会集中保存，配有资料依据的解析；考试模式中不显示广告。		docs/localization/sample-corpus/zh-Hans/style-guide.md	locales/zh-Hans/phrasebook.md	native_style_accuracy	pending_native_review	pending_reviewer_notes
zh-Hans	entryPoints.home.feedbackTitle	entryPoints	把需要复习的内容集中起来		docs/localization/sample-corpus/zh-Hans/style-guide.md	locales/zh-Hans/phrasebook.md	native_style_accuracy	pending_native_review	pending_reviewer_notes
zh-Hans	entryPoints.home.guidedPathDailyAccessibilityLabelTemplate	entryPoints	开始今天的练习。今天已完成 {completed} / {goal} 个答案。	{completed},{goal}	docs/localization/sample-corpus/zh-Hans/style-guide.md	locales/zh-Hans/phrasebook.md	accessibility_label	pending_native_review	pending_reviewer_notes
zh-Hans	entryPoints.home.guidedPathDailyCta	entryPoints	开始今天的练习		docs/localization/sample-corpus/zh-Hans/style-guide.md	locales/zh-Hans/phrasebook.md	native_style_accuracy	pending_native_review	pending_reviewer_notes
zh-Hans	entryPoints.home.guidedPathDailyTextTemplate	entryPoints	今天已答 {completed}/{goal} 题，方便保持学习节奏。	{completed},{goal}	docs/localization/sample-corpus/zh-Hans/style-guide.md	locales/zh-Hans/phrasebook.md	placeholder_interpolation	pending_native_review	pending_reviewer_notes
zh-Hans	entryPoints.home.guidedPathDailyTitle	entryPoints	每日练习		docs/localization/sample-corpus/zh-Hans/style-guide.md	locales/zh-Hans/phrasebook.md	native_style_accuracy	pending_native_review	pending_reviewer_notes
zh-Hans	entryPoints.home.guidedPathResumeAccessibilityLabelTemplate	entryPoints	继续学习：{stageTitle}	{stageTitle}	docs/localization/sample-corpus/zh-Hans/style-guide.md	locales/zh-Hans/phrasebook.md	accessibility_label	pending_native_review	pending_reviewer_notes
zh-Hans	entryPoints.home.guidedPathResumeCta	entryPoints	继续下一章		docs/localization/sample-corpus/zh-Hans/style-guide.md	locales/zh-Hans/phrasebook.md	native_style_accuracy	pending_native_review	pending_reviewer_notes
zh-Hans	entryPoints.home.guidedPathSubtitle	entryPoints	按 13 个社会知识章节分三步学习，继续上次进度，并保持每日练习。		docs/localization/sample-corpus/zh-Hans/style-guide.md	locales/zh-Hans/phrasebook.md	native_style_accuracy	pending_native_review	pending_reviewer_notes
zh-Hans	entryPoints.home.guidedPathTitle	entryPoints	从基础学习到模拟练习		docs/localization/sample-corpus/zh-Hans/style-guide.md	locales/zh-Hans/phrasebook.md	native_style_accuracy	pending_native_review	pending_reviewer_notes
zh-Hans	entryPoints.home.readinessAccessibilityLabelTemplate	entryPoints	准备度提示：{score}%。{verdict}。{details}	{score},{verdict},{details}	docs/localization/sample-corpus/zh-Hans/style-guide.md	locales/zh-Hans/phrasebook.md	accessibility_label	pending_native_review	pending_reviewer_notes
zh-Hans	entryPoints.home.readinessCta	entryPoints	做一次模拟考试		docs/localization/sample-corpus/zh-Hans/style-guide.md	locales/zh-Hans/phrasebook.md	native_style_accuracy	pending_native_review	pending_reviewer_notes
zh-Hans	entryPoints.home.readinessCtaAccessibilityLabel	entryPoints	开始模拟考试，用来查看准备度提示		docs/localization/sample-corpus/zh-Hans/style-guide.md	locales/zh-Hans/phrasebook.md	accessibility_label	pending_native_review	pending_reviewer_notes
zh-Hans	entryPoints.home.readinessDetailsTemplate	entryPoints	正确率 {accuracyPercent}% · 已练习 {coveragePercent}% 的章节	{accuracyPercent},{coveragePercent}	docs/localization/sample-corpus/zh-Hans/style-guide.md	locales/zh-Hans/phrasebook.md	placeholder_interpolation	pending_native_review	pending_reviewer_notes
zh-Hans	entryPoints.home.readinessMetricLabel	entryPoints	准备度		docs/localization/sample-corpus/zh-Hans/style-guide.md	locales/zh-Hans/phrasebook.md	native_style_accuracy	pending_native_review	pending_reviewer_notes
zh-Hans	entryPoints.home.readinessSparseNote	entryPoints	根据你目前的答题记录估算。多答几题后提示会更可靠。		docs/localization/sample-corpus/zh-Hans/style-guide.md	locales/zh-Hans/phrasebook.md	native_style_accuracy	pending_native_review	pending_reviewer_notes
zh-Hans	entryPoints.home.readinessTitle	entryPoints	准备度提示		docs/localization/sample-corpus/zh-Hans/style-guide.md	locales/zh-Hans/phrasebook.md	native_style_accuracy	pending_native_review	pending_reviewer_notes
zh-Hans	entryPoints.home.readinessVerdicts.almostReady	entryPoints	接近准备好		docs/localization/sample-corpus/zh-Hans/style-guide.md	locales/zh-Hans/phrasebook.md	native_style_accuracy	pending_native_review	pending_reviewer_notes
zh-Hans	entryPoints.home.readinessVerdicts.gettingThere	entryPoints	方向对了		docs/localization/sample-corpus/zh-Hans/style-guide.md	locales/zh-Hans/phrasebook.md	native_style_accuracy	pending_native_review	pending_reviewer_notes
zh-Hans	entryPoints.home.readinessVerdicts.notReadyYet	entryPoints	先多练几轮		docs/localization/sample-corpus/zh-Hans/style-guide.md	locales/zh-Hans/phrasebook.md	native_style_accuracy	pending_native_review	pending_reviewer_notes
zh-Hans	entryPoints.home.readinessVerdicts.strongPreparation	entryPoints	准备很扎实		docs/localization/sample-corpus/zh-Hans/style-guide.md	locales/zh-Hans/phrasebook.md	native_style_accuracy	pending_native_review	pending_reviewer_notes
zh-Hans	entryPoints.home.startPractice	entryPoints	开始练习		docs/localization/sample-corpus/zh-Hans/style-guide.md	locales/zh-Hans/phrasebook.md	native_style_accuracy	pending_native_review	pending_reviewer_notes
zh-Hans	entryPoints.home.startPracticeAccessibilityLabel	entryPoints	开始推荐练习		docs/localization/sample-corpus/zh-Hans/style-guide.md	locales/zh-Hans/phrasebook.md	accessibility_label	pending_native_review	pending_reviewer_notes
zh-Hans	entryPoints.home.studyLoopSubtitle	entryPoints	借鉴社会知识考试和语言学习应用的做法：下一步清楚、反馈及时、进度看得见。		docs/localization/sample-corpus/zh-Hans/style-guide.md	locales/zh-Hans/phrasebook.md	native_style_accuracy	pending_native_review	pending_reviewer_notes
zh-Hans	entryPoints.home.studyLoopTitle	entryPoints	更顺手的学习流程		docs/localization/sample-corpus/zh-Hans/style-guide.md	locales/zh-Hans/phrasebook.md	native_style_accuracy	pending_native_review	pending_reviewer_notes
zh-Hans	entryPoints.home.subtitle	entryPoints	用清晰的学习路径准备瑞典社会知识：每天答题、做模拟考试、复习错题，并查看有资料依据的答案解析。		docs/localization/sample-corpus/zh-Hans/style-guide.md	locales/zh-Hans/phrasebook.md	native_style_accuracy	pending_native_review	pending_reviewer_notes
zh-Hans	entryPoints.home.title	entryPoints	安心学习，一次掌握一个瑞典社会知识点		docs/localization/sample-corpus/zh-Hans/style-guide.md	locales/zh-Hans/phrasebook.md	native_style_accuracy	pending_native_review	pending_reviewer_notes
zh-Hans	entryPoints.practice.aboutSourcesEditorialBody	entryPoints	由我们补充撰写，用来解释 UHR 材料没有直接展开的背景内容。不会出现在模拟考试中。		docs/localization/sample-corpus/zh-Hans/style-guide.md	locales/zh-Hans/phrasebook.md	authority_boundary	pending_native_review	pending_reviewer_notes
zh-Hans	entryPoints.practice.aboutSourcesEditorialTitle	entryPoints	编辑说明		docs/localization/sample-corpus/zh-Hans/style-guide.md	locales/zh-Hans/phrasebook.md	native_style_accuracy	pending_native_review	pending_reviewer_notes
zh-Hans	entryPoints.practice.aboutSourcesHide	entryPoints	关闭资料来源说明		docs/localization/sample-corpus/zh-Hans/style-guide.md	locales/zh-Hans/phrasebook.md	native_style_accuracy	pending_native_review	pending_reviewer_notes
zh-Hans	entryPoints.practice.aboutSourcesShow	entryPoints	关于资料来源		docs/localization/sample-corpus/zh-Hans/style-guide.md	locales/zh-Hans/phrasebook.md	native_style_accuracy	pending_native_review	pending_reviewer_notes
zh-Hans	entryPoints.practice.aboutSourcesSupplementaryBody	entryPoints	根据 UHR 题目改写，用另一个角度练习同一知识点。只有开启补充题时才会显示。		docs/localization/sample-corpus/zh-Hans/style-guide.md	locales/zh-Hans/phrasebook.md	authority_boundary	pending_native_review	pending_reviewer_notes
zh-Hans	entryPoints.practice.aboutSourcesSupplementaryTitle	entryPoints	补充题		docs/localization/sample-corpus/zh-Hans/style-guide.md	locales/zh-Hans/phrasebook.md	native_style_accuracy	pending_native_review	pending_reviewer_notes
zh-Hans	entryPoints.practice.aboutSourcesUhrBody	entryPoints	这些题目直接对应 UHR 学习材料《Sverige i fokus》。模拟考试只使用 UHR 题目。		docs/localization/sample-corpus/zh-Hans/style-guide.md	locales/zh-Hans/phrasebook.md	authority_boundary	pending_native_review	pending_reviewer_notes
zh-Hans	entryPoints.practice.aboutSourcesUhrTitle	entryPoints	UHR 参考材料		docs/localization/sample-corpus/zh-Hans/style-guide.md	locales/zh-Hans/phrasebook.md	authority_boundary	pending_native_review	pending_reviewer_notes
zh-Hans	entryPoints.practice.badge	entryPoints	5 分钟练习		docs/localization/sample-corpus/zh-Hans/style-guide.md	locales/zh-Hans/phrasebook.md	native_style_accuracy	pending_native_review	pending_reviewer_notes
zh-Hans	entryPoints.practice.bookmark	entryPoints	收藏		docs/localization/sample-corpus/zh-Hans/style-guide.md	locales/zh-Hans/phrasebook.md	native_style_accuracy	pending_native_review	pending_reviewer_notes
zh-Hans	entryPoints.practice.bookmarkAccessibilityLabels.add	entryPoints	收藏这道题		docs/localization/sample-corpus/zh-Hans/style-guide.md	locales/zh-Hans/phrasebook.md	accessibility_label	pending_native_review	pending_reviewer_notes
zh-Hans	entryPoints.practice.bookmarkAccessibilityLabels.remove	entryPoints	取消收藏这道题		docs/localization/sample-corpus/zh-Hans/style-guide.md	locales/zh-Hans/phrasebook.md	accessibility_label	pending_native_review	pending_reviewer_notes
zh-Hans	entryPoints.practice.bookmarked	entryPoints	已收藏		docs/localization/sample-corpus/zh-Hans/style-guide.md	locales/zh-Hans/phrasebook.md	native_style_accuracy	pending_native_review	pending_reviewer_notes
zh-Hans	entryPoints.practice.completedQuestionsTemplate	entryPoints	已答题目：{count}	{count}	docs/localization/sample-corpus/zh-Hans/style-guide.md	locales/zh-Hans/phrasebook.md	placeholder_interpolation	pending_native_review	pending_reviewer_notes
zh-Hans	entryPoints.practice.emptyTitle	entryPoints	目前还没有可练习的题目。		docs/localization/sample-corpus/zh-Hans/style-guide.md	locales/zh-Hans/phrasebook.md	native_style_accuracy	pending_native_review	pending_reviewer_notes
zh-Hans	entryPoints.practice.nextQuestion	entryPoints	下一题		docs/localization/sample-corpus/zh-Hans/style-guide.md	locales/zh-Hans/phrasebook.md	native_style_accuracy	pending_native_review	pending_reviewer_notes
zh-Hans	entryPoints.practice.nextQuestionAccessibilityLabel	entryPoints	前往下一道练习题		docs/localization/sample-corpus/zh-Hans/style-guide.md	locales/zh-Hans/phrasebook.md	accessibility_label	pending_native_review	pending_reviewer_notes
zh-Hans	entryPoints.practice.provenanceEditorialLabel	entryPoints	编辑说明		docs/localization/sample-corpus/zh-Hans/style-guide.md	locales/zh-Hans/phrasebook.md	native_style_accuracy	pending_native_review	pending_reviewer_notes
zh-Hans	entryPoints.practice.provenanceSupplementaryLabel	entryPoints	补充题		docs/localization/sample-corpus/zh-Hans/style-guide.md	locales/zh-Hans/phrasebook.md	native_style_accuracy	pending_native_review	pending_reviewer_notes
zh-Hans	entryPoints.practice.provenanceUhrLabel	entryPoints	UHR 参考材料		docs/localization/sample-corpus/zh-Hans/style-guide.md	locales/zh-Hans/phrasebook.md	authority_boundary	pending_native_review	pending_reviewer_notes
zh-Hans	entryPoints.practice.questionTitleTemplate	entryPoints	第 {questionNumber} 题	{questionNumber}	docs/localization/sample-corpus/zh-Hans/style-guide.md	locales/zh-Hans/phrasebook.md	placeholder_interpolation	pending_native_review	pending_reviewer_notes
zh-Hans	entryPoints.practice.scoreLabel	entryPoints	得分		docs/localization/sample-corpus/zh-Hans/style-guide.md	locales/zh-Hans/phrasebook.md	native_style_accuracy	pending_native_review	pending_reviewer_notes
zh-Hans	entryPoints.practice.subtitle	entryPoints	先作答，再查看即时反馈和 UHR 参考材料，然后继续下一题。		docs/localization/sample-corpus/zh-Hans/style-guide.md	locales/zh-Hans/phrasebook.md	authority_boundary	pending_native_review	pending_reviewer_notes
zh-Hans	entryPoints.practice.supplementaryToggleOff	entryPoints	只看 UHR 题目		docs/localization/sample-corpus/zh-Hans/style-guide.md	locales/zh-Hans/phrasebook.md	authority_boundary	pending_native_review	pending_reviewer_notes
zh-Hans	entryPoints.practice.supplementaryToggleOn	entryPoints	包含补充题		docs/localization/sample-corpus/zh-Hans/style-guide.md	locales/zh-Hans/phrasebook.md	native_style_accuracy	pending_native_review	pending_reviewer_notes
zh-Hans	entryPoints.practice.tryAgain	entryPoints	再试一次		docs/localization/sample-corpus/zh-Hans/style-guide.md	locales/zh-Hans/phrasebook.md	native_style_accuracy	pending_native_review	pending_reviewer_notes
zh-Hans	entryPoints.practice.tryAgainAccessibilityLabel	entryPoints	重新尝试这道练习题		docs/localization/sample-corpus/zh-Hans/style-guide.md	locales/zh-Hans/phrasebook.md	accessibility_label	pending_native_review	pending_reviewer_notes
zh-Hans	entryPoints.profile.answersPerDay	entryPoints	题/天		docs/localization/sample-corpus/zh-Hans/style-guide.md	locales/zh-Hans/phrasebook.md	native_style_accuracy	pending_native_review	pending_reviewer_notes
zh-Hans	entryPoints.profile.badgeLocked	entryPoints	未解锁		docs/localization/sample-corpus/zh-Hans/style-guide.md	locales/zh-Hans/phrasebook.md	native_style_accuracy	pending_native_review	pending_reviewer_notes
zh-Hans	entryPoints.profile.badgesSubtitle	entryPoints	用成就提示展示进步，不打断学习。		docs/localization/sample-corpus/zh-Hans/style-guide.md	locales/zh-Hans/phrasebook.md	native_style_accuracy	pending_native_review	pending_reviewer_notes
zh-Hans	entryPoints.profile.badgesTitle	entryPoints	徽章		docs/localization/sample-corpus/zh-Hans/style-guide.md	locales/zh-Hans/phrasebook.md	native_style_accuracy	pending_native_review	pending_reviewer_notes
zh-Hans	entryPoints.profile.badgeUnlocked	entryPoints	已解锁		docs/localization/sample-corpus/zh-Hans/style-guide.md	locales/zh-Hans/phrasebook.md	native_style_accuracy	pending_native_review	pending_reviewer_notes
zh-Hans	entryPoints.profile.completedMetric	entryPoints	已完成		docs/localization/sample-corpus/zh-Hans/style-guide.md	locales/zh-Hans/phrasebook.md	native_style_accuracy	pending_native_review	pending_reviewer_notes
zh-Hans	entryPoints.profile.dashboardAccessibilityLabel	entryPoints	打开进度概览		docs/localization/sample-corpus/zh-Hans/style-guide.md	locales/zh-Hans/phrasebook.md	accessibility_label	pending_native_review	pending_reviewer_notes
zh-Hans	entryPoints.profile.dashboardCta	entryPoints	查看概览		docs/localization/sample-corpus/zh-Hans/style-guide.md	locales/zh-Hans/phrasebook.md	native_style_accuracy	pending_native_review	pending_reviewer_notes
zh-Hans	entryPoints.profile.dashboardSubtitle	entryPoints	学习活动、章节进度和 XP 会显示在单独页面。		docs/localization/sample-corpus/zh-Hans/style-guide.md	locales/zh-Hans/phrasebook.md	native_style_accuracy	pending_native_review	pending_reviewer_notes
zh-Hans	entryPoints.profile.dashboardTitle	entryPoints	进度概览		docs/localization/sample-corpus/zh-Hans/style-guide.md	locales/zh-Hans/phrasebook.md	native_style_accuracy	pending_native_review	pending_reviewer_notes
zh-Hans	entryPoints.profile.dayStreakMetric	entryPoints	连续学习天数		docs/localization/sample-corpus/zh-Hans/style-guide.md	locales/zh-Hans/phrasebook.md	native_style_accuracy	pending_native_review	pending_reviewer_notes
zh-Hans	entryPoints.profile.eyebrow	entryPoints	本地个人页		docs/localization/sample-corpus/zh-Hans/style-guide.md	locales/zh-Hans/phrasebook.md	native_style_accuracy	pending_native_review	pending_reviewer_notes
zh-Hans	entryPoints.profile.languageBadge	entryPoints	英语辅助		docs/localization/sample-corpus/zh-Hans/style-guide.md	locales/zh-Hans/phrasebook.md	native_style_accuracy	pending_native_review	pending_reviewer_notes
zh-Hans	entryPoints.profile.levelMetric	entryPoints	等级		docs/localization/sample-corpus/zh-Hans/style-guide.md	locales/zh-Hans/phrasebook.md	native_style_accuracy	pending_native_review	pending_reviewer_notes
zh-Hans	entryPoints.profile.openSettings	entryPoints	打开设置		docs/localization/sample-corpus/zh-Hans/style-guide.md	locales/zh-Hans/phrasebook.md	native_style_accuracy	pending_native_review	pending_reviewer_notes
zh-Hans	entryPoints.profile.openSettingsAccessibilityLabel	entryPoints	打开设置		docs/localization/sample-corpus/zh-Hans/style-guide.md	locales/zh-Hans/phrasebook.md	accessibility_label	pending_native_review	pending_reviewer_notes
zh-Hans	entryPoints.profile.questionsHelper	entryPoints	题		docs/localization/sample-corpus/zh-Hans/style-guide.md	locales/zh-Hans/phrasebook.md	native_style_accuracy	pending_native_review	pending_reviewer_notes
zh-Hans	entryPoints.profile.studySetupSubtitle	entryPoints	小而稳定的每日目标，比临时长时间突击更容易坚持。		docs/localization/sample-corpus/zh-Hans/style-guide.md	locales/zh-Hans/phrasebook.md	native_style_accuracy	pending_native_review	pending_reviewer_notes
zh-Hans	entryPoints.profile.studySetupTitle	entryPoints	学习设置		docs/localization/sample-corpus/zh-Hans/style-guide.md	locales/zh-Hans/phrasebook.md	native_style_accuracy	pending_native_review	pending_reviewer_notes
zh-Hans	entryPoints.profile.subtitle	entryPoints	目标、语言模式、连续学习天数和徽章都保存在本设备上，便于你私下学习。		docs/localization/sample-corpus/zh-Hans/style-guide.md	locales/zh-Hans/phrasebook.md	native_style_accuracy	pending_native_review	pending_reviewer_notes
zh-Hans	entryPoints.profile.title	entryPoints	不注册账号也能查看进度		docs/localization/sample-corpus/zh-Hans/style-guide.md	locales/zh-Hans/phrasebook.md	native_style_accuracy	pending_native_review	pending_reviewer_notes
zh-Hans	languagePicker.closeLabel	languagePicker	关闭语言选择器		docs/localization/sample-corpus/zh-Hans/style-guide.md	locales/zh-Hans/phrasebook.md	native_style_accuracy	pending_native_review	pending_reviewer_notes
zh-Hans	languagePicker.comingSoon	languagePicker	此语言版本正在准备中。		docs/localization/sample-corpus/zh-Hans/style-guide.md	locales/zh-Hans/phrasebook.md	native_style_accuracy	pending_native_review	pending_reviewer_notes
zh-Hans	languagePicker.menuLabel	languagePicker	语言选择器		docs/localization/sample-corpus/zh-Hans/style-guide.md	locales/zh-Hans/phrasebook.md	native_style_accuracy	pending_native_review	pending_reviewer_notes
zh-Hans	languagePicker.subtitle	languagePicker	界面翻译会分批加入。每种语言在完成人工审校前，题目内容仍使用瑞典语或英语。		docs/localization/sample-corpus/zh-Hans/style-guide.md	locales/zh-Hans/phrasebook.md	native_style_accuracy	pending_native_review	pending_reviewer_notes
zh-Hans	languagePicker.title	languagePicker	选择语言		docs/localization/sample-corpus/zh-Hans/style-guide.md	locales/zh-Hans/phrasebook.md	native_style_accuracy	pending_native_review	pending_reviewer_notes
zh-Hans	languagePicker.triggerLabelTemplate	languagePicker	当前语言为 {currentLabel}。打开语言选择器。	{currentLabel}	docs/localization/sample-corpus/zh-Hans/style-guide.md	locales/zh-Hans/phrasebook.md	placeholder_interpolation	pending_native_review	pending_reviewer_notes
zh-Hans	languagePicker.unavailableSuffix	languagePicker	，正在准备		docs/localization/sample-corpus/zh-Hans/style-guide.md	locales/zh-Hans/phrasebook.md	native_style_accuracy	pending_native_review	pending_reviewer_notes
zh-Hans	mockExamAndMistakes.mistakesReview.answerReviewAccessibilityNoWrongTemplate	mockExamAndMistakes	需要复习的题目。正确答案：{correctAnswer}。	{correctAnswer}	docs/localization/sample-corpus/zh-Hans/style-guide.md	locales/zh-Hans/phrasebook.md	placeholder_interpolation	pending_native_review	pending_reviewer_notes
zh-Hans	mockExamAndMistakes.mistakesReview.answerReviewAccessibilityTemplate	mockExamAndMistakes	需要复习的题目。你上次选的答案：{selectedWrongAnswer}。正确答案：{correctAnswer}。	{selectedWrongAnswer},{correctAnswer}	docs/localization/sample-corpus/zh-Hans/style-guide.md	locales/zh-Hans/phrasebook.md	placeholder_interpolation	pending_native_review	pending_reviewer_notes
zh-Hans	mockExamAndMistakes.mistakesReview.badge	mockExamAndMistakes	智能复习		docs/localization/sample-corpus/zh-Hans/style-guide.md	locales/zh-Hans/phrasebook.md	native_style_accuracy	pending_native_review	pending_reviewer_notes
zh-Hans	mockExamAndMistakes.mistakesReview.bookmarkedBadge	mockExamAndMistakes	已保存		docs/localization/sample-corpus/zh-Hans/style-guide.md	locales/zh-Hans/phrasebook.md	native_style_accuracy	pending_native_review	pending_reviewer_notes
zh-Hans	mockExamAndMistakes.mistakesReview.bookmarkedMeta	mockExamAndMistakes	已保存，方便集中复习		docs/localization/sample-corpus/zh-Hans/style-guide.md	locales/zh-Hans/phrasebook.md	native_style_accuracy	pending_native_review	pending_reviewer_notes
zh-Hans	mockExamAndMistakes.mistakesReview.bookmarkedTitle	mockExamAndMistakes	收藏题目		docs/localization/sample-corpus/zh-Hans/style-guide.md	locales/zh-Hans/phrasebook.md	native_style_accuracy	pending_native_review	pending_reviewer_notes
zh-Hans	mockExamAndMistakes.mistakesReview.correctAnswerLabel	mockExamAndMistakes	正确答案		docs/localization/sample-corpus/zh-Hans/style-guide.md	locales/zh-Hans/phrasebook.md	native_style_accuracy	pending_native_review	pending_reviewer_notes
zh-Hans	mockExamAndMistakes.mistakesReview.emptyPracticeAccessibilityLabel	mockExamAndMistakes	练习较难的题目		docs/localization/sample-corpus/zh-Hans/style-guide.md	locales/zh-Hans/phrasebook.md	accessibility_label	pending_native_review	pending_reviewer_notes
zh-Hans	mockExamAndMistakes.mistakesReview.emptyPracticeLink	mockExamAndMistakes	开始练习		docs/localization/sample-corpus/zh-Hans/style-guide.md	locales/zh-Hans/phrasebook.md	native_style_accuracy	pending_native_review	pending_reviewer_notes
zh-Hans	mockExamAndMistakes.mistakesReview.emptyText	mockExamAndMistakes	练习中答错的题目会显示在这里，方便之后复习。		docs/localization/sample-corpus/zh-Hans/style-guide.md	locales/zh-Hans/phrasebook.md	native_style_accuracy	pending_native_review	pending_reviewer_notes
zh-Hans	mockExamAndMistakes.mistakesReview.emptyTitle	mockExamAndMistakes	还没有错题		docs/localization/sample-corpus/zh-Hans/style-guide.md	locales/zh-Hans/phrasebook.md	native_style_accuracy	pending_native_review	pending_reviewer_notes
zh-Hans	mockExamAndMistakes.mistakesReview.mistakeBadge	mockExamAndMistakes	再练一次		docs/localization/sample-corpus/zh-Hans/style-guide.md	locales/zh-Hans/phrasebook.md	native_style_accuracy	pending_native_review	pending_reviewer_notes
zh-Hans	mockExamAndMistakes.mistakesReview.mistakeTitle	mockExamAndMistakes	需要再练的题目		docs/localization/sample-corpus/zh-Hans/style-guide.md	locales/zh-Hans/phrasebook.md	native_style_accuracy	pending_native_review	pending_reviewer_notes
zh-Hans	mockExamAndMistakes.mistakesReview.selectedWrongAnswerLabel	mockExamAndMistakes	你上次选的答案		docs/localization/sample-corpus/zh-Hans/style-guide.md	locales/zh-Hans/phrasebook.md	native_style_accuracy	pending_native_review	pending_reviewer_notes
zh-Hans	mockExamAndMistakes.mistakesReview.subtitle	mockExamAndMistakes	把答错的题目、答案解析、资料来源和错误次数放在同一个地方复习。		docs/localization/sample-corpus/zh-Hans/style-guide.md	locales/zh-Hans/phrasebook.md	native_style_accuracy	pending_native_review	pending_reviewer_notes
zh-Hans	mockExamAndMistakes.mistakesReview.title	mockExamAndMistakes	错题复习		docs/localization/sample-corpus/zh-Hans/style-guide.md	locales/zh-Hans/phrasebook.md	native_style_accuracy	pending_native_review	pending_reviewer_notes
zh-Hans	mockExamAndMistakes.mistakesReview.wrongAnswersTemplate	mockExamAndMistakes	答错次数：{count}	{count}	docs/localization/sample-corpus/zh-Hans/style-guide.md	locales/zh-Hans/phrasebook.md	placeholder_interpolation	pending_native_review	pending_reviewer_notes
zh-Hans	mockExamAndMistakes.mockExamConfig.allChaptersLabel	mockExamAndMistakes	全部章节		docs/localization/sample-corpus/zh-Hans/style-guide.md	locales/zh-Hans/phrasebook.md	native_style_accuracy	pending_native_review	pending_reviewer_notes
zh-Hans	mockExamAndMistakes.mockExamConfig.chaptersLabel	mockExamAndMistakes	章节		docs/localization/sample-corpus/zh-Hans/style-guide.md	locales/zh-Hans/phrasebook.md	native_style_accuracy	pending_native_review	pending_reviewer_notes
zh-Hans	mockExamAndMistakes.mockExamConfig.clearChaptersLabel	mockExamAndMistakes	不选章节		docs/localization/sample-corpus/zh-Hans/style-guide.md	locales/zh-Hans/phrasebook.md	native_style_accuracy	pending_native_review	pending_reviewer_notes
zh-Hans	mockExamAndMistakes.mockExamConfig.decrementDurationAccessibilityLabel	mockExamAndMistakes	减少练习时长		docs/localization/sample-corpus/zh-Hans/style-guide.md	locales/zh-Hans/phrasebook.md	accessibility_label	pending_native_review	pending_reviewer_notes
zh-Hans	mockExamAndMistakes.mockExamConfig.decrementQuestionAccessibilityLabel	mockExamAndMistakes	减少题目数量		docs/localization/sample-corpus/zh-Hans/style-guide.md	locales/zh-Hans/phrasebook.md	accessibility_label	pending_native_review	pending_reviewer_notes
zh-Hans	mockExamAndMistakes.mockExamConfig.durationLabel	mockExamAndMistakes	练习时长		docs/localization/sample-corpus/zh-Hans/style-guide.md	locales/zh-Hans/phrasebook.md	native_style_accuracy	pending_native_review	pending_reviewer_notes
zh-Hans	mockExamAndMistakes.mockExamConfig.durationValueTemplate	mockExamAndMistakes	{minutes} 分钟	{minutes}	docs/localization/sample-corpus/zh-Hans/style-guide.md	locales/zh-Hans/phrasebook.md	placeholder_interpolation	pending_native_review	pending_reviewer_notes
zh-Hans	mockExamAndMistakes.mockExamConfig.feedbackLabel	mockExamAndMistakes	提交前不显示反馈		docs/localization/sample-corpus/zh-Hans/style-guide.md	locales/zh-Hans/phrasebook.md	native_style_accuracy	pending_native_review	pending_reviewer_notes
zh-Hans	mockExamAndMistakes.mockExamConfig.incrementDurationAccessibilityLabel	mockExamAndMistakes	增加练习时长		docs/localization/sample-corpus/zh-Hans/style-guide.md	locales/zh-Hans/phrasebook.md	accessibility_label	pending_native_review	pending_reviewer_notes
zh-Hans	mockExamAndMistakes.mockExamConfig.incrementQuestionAccessibilityLabel	mockExamAndMistakes	增加题目数量		docs/localization/sample-corpus/zh-Hans/style-guide.md	locales/zh-Hans/phrasebook.md	accessibility_label	pending_native_review	pending_reviewer_notes
zh-Hans	mockExamAndMistakes.mockExamConfig.localSaveLabel	mockExamAndMistakes	仅保存在本设备上		docs/localization/sample-corpus/zh-Hans/style-guide.md	locales/zh-Hans/phrasebook.md	native_style_accuracy	pending_native_review	pending_reviewer_notes
zh-Hans	mockExamAndMistakes.mockExamConfig.practiceLabel	mockExamAndMistakes	先练习		docs/localization/sample-corpus/zh-Hans/style-guide.md	locales/zh-Hans/phrasebook.md	native_style_accuracy	pending_native_review	pending_reviewer_notes
zh-Hans	mockExamAndMistakes.mockExamConfig.questionCountLabel	mockExamAndMistakes	题目数量		docs/localization/sample-corpus/zh-Hans/style-guide.md	locales/zh-Hans/phrasebook.md	native_style_accuracy	pending_native_review	pending_reviewer_notes
zh-Hans	mockExamAndMistakes.mockExamConfig.resetLabel	mockExamAndMistakes	重置设置		docs/localization/sample-corpus/zh-Hans/style-guide.md	locales/zh-Hans/phrasebook.md	native_style_accuracy	pending_native_review	pending_reviewer_notes
zh-Hans	mockExamAndMistakes.mockExamConfig.scoreModeLabel	mockExamAndMistakes	练习结果		docs/localization/sample-corpus/zh-Hans/style-guide.md	locales/zh-Hans/phrasebook.md	native_style_accuracy	pending_native_review	pending_reviewer_notes
zh-Hans	mockExamAndMistakes.mockExamConfig.selectedChaptersValueTemplate	mockExamAndMistakes	已选 {count} 个章节	{count}	docs/localization/sample-corpus/zh-Hans/style-guide.md	locales/zh-Hans/phrasebook.md	placeholder_interpolation	pending_native_review	pending_reviewer_notes
zh-Hans	mockExamAndMistakes.mockExamConfig.sourceScopeLabel	mockExamAndMistakes	基于 UHR 的题目		docs/localization/sample-corpus/zh-Hans/style-guide.md	locales/zh-Hans/phrasebook.md	authority_boundary	pending_native_review	pending_reviewer_notes
zh-Hans	mockExamAndMistakes.mockExamConfig.startAccessibilityLabel	mockExamAndMistakes	按当前设置开始模拟考试		docs/localization/sample-corpus/zh-Hans/style-guide.md	locales/zh-Hans/phrasebook.md	accessibility_label	pending_native_review	pending_reviewer_notes
zh-Hans	mockExamAndMistakes.mockExamConfig.startLabel	mockExamAndMistakes	开始模拟考试		docs/localization/sample-corpus/zh-Hans/style-guide.md	locales/zh-Hans/phrasebook.md	native_style_accuracy	pending_native_review	pending_reviewer_notes
zh-Hans	mockExamAndMistakes.mockExamConfig.subtitle	mockExamAndMistakes	选择题目数量、练习时长和章节范围。提交前不会显示答案反馈。		docs/localization/sample-corpus/zh-Hans/style-guide.md	locales/zh-Hans/phrasebook.md	native_style_accuracy	pending_native_review	pending_reviewer_notes
zh-Hans	mockExamAndMistakes.mockExamConfig.title	mockExamAndMistakes	设置模拟考试		docs/localization/sample-corpus/zh-Hans/style-guide.md	locales/zh-Hans/phrasebook.md	native_style_accuracy	pending_native_review	pending_reviewer_notes
zh-Hans	mockExamAndMistakes.resultSummary.accessibilityLabelTemplate	mockExamAndMistakes	{statusLabel}。正确率 {percent}%。{metricLabel}。	{statusLabel},{percent},{metricLabel}	docs/localization/sample-corpus/zh-Hans/style-guide.md	locales/zh-Hans/phrasebook.md	accessibility_label	pending_native_review	pending_reviewer_notes
zh-Hans	mockExamAndMistakes.resultSummary.metricTemplate	mockExamAndMistakes	{correctCount}/{totalCount} 题答对	{correctCount},{totalCount}	docs/localization/sample-corpus/zh-Hans/style-guide.md	locales/zh-Hans/phrasebook.md	placeholder_interpolation	pending_native_review	pending_reviewer_notes
zh-Hans	mockExamAndMistakes.resultSummary.percentTemplate	mockExamAndMistakes	{percent}%	{percent}	docs/localization/sample-corpus/zh-Hans/style-guide.md	locales/zh-Hans/phrasebook.md	placeholder_interpolation	pending_native_review	pending_reviewer_notes
zh-Hans	mockExamAndMistakes.resultSummary.progressAccessibilityTemplate	mockExamAndMistakes	正确率 {percent}%	{percent}	docs/localization/sample-corpus/zh-Hans/style-guide.md	locales/zh-Hans/phrasebook.md	placeholder_interpolation	pending_native_review	pending_reviewer_notes
zh-Hans	mockExamAndMistakes.resultSummary.resultBadgeLabel	mockExamAndMistakes	练习结果		docs/localization/sample-corpus/zh-Hans/style-guide.md	locales/zh-Hans/phrasebook.md	native_style_accuracy	pending_native_review	pending_reviewer_notes
zh-Hans	mockExamAndMistakes.resultSummary.reviewMistakesAction	mockExamAndMistakes	复习错题		docs/localization/sample-corpus/zh-Hans/style-guide.md	locales/zh-Hans/phrasebook.md	native_style_accuracy	pending_native_review	pending_reviewer_notes
zh-Hans	mockExamAndMistakes.resultSummary.scoreLabel	mockExamAndMistakes	得分		docs/localization/sample-corpus/zh-Hans/style-guide.md	locales/zh-Hans/phrasebook.md	native_style_accuracy	pending_native_review	pending_reviewer_notes
zh-Hans	mockExamAndMistakes.resultSummary.statusLabels.review	mockExamAndMistakes	建议继续复习		docs/localization/sample-corpus/zh-Hans/style-guide.md	locales/zh-Hans/phrasebook.md	native_style_accuracy	pending_native_review	pending_reviewer_notes
zh-Hans	mockExamAndMistakes.resultSummary.statusLabels.strong	mockExamAndMistakes	练习表现扎实		docs/localization/sample-corpus/zh-Hans/style-guide.md	locales/zh-Hans/phrasebook.md	native_style_accuracy	pending_native_review	pending_reviewer_notes
zh-Hans	mockExamAndMistakes.resultSummary.tryAnotherExamAction	mockExamAndMistakes	再做一次模拟考试		docs/localization/sample-corpus/zh-Hans/style-guide.md	locales/zh-Hans/phrasebook.md	native_style_accuracy	pending_native_review	pending_reviewer_notes
zh-Hans	quizFeedback.answerOption.fallbackLabel	quizFeedback	答案选项		docs/localization/sample-corpus/zh-Hans/style-guide.md	locales/zh-Hans/phrasebook.md	native_style_accuracy	pending_native_review	pending_reviewer_notes
zh-Hans	quizFeedback.answerOption.selectAccessibilityLabelTemplate	quizFeedback	选择答案：{label}	{label}	docs/localization/sample-corpus/zh-Hans/style-guide.md	locales/zh-Hans/phrasebook.md	accessibility_label	pending_native_review	pending_reviewer_notes
zh-Hans	quizFeedback.answerOption.stateLabels.correct	quizFeedback	正确答案		docs/localization/sample-corpus/zh-Hans/style-guide.md	locales/zh-Hans/phrasebook.md	native_style_accuracy	pending_native_review	pending_reviewer_notes
zh-Hans	quizFeedback.answerOption.stateLabels.incorrect	quizFeedback	答错的选项		docs/localization/sample-corpus/zh-Hans/style-guide.md	locales/zh-Hans/phrasebook.md	native_style_accuracy	pending_native_review	pending_reviewer_notes
zh-Hans	quizFeedback.answerOption.stateLabels.selected	quizFeedback	已选择		docs/localization/sample-corpus/zh-Hans/style-guide.md	locales/zh-Hans/phrasebook.md	native_style_accuracy	pending_native_review	pending_reviewer_notes
zh-Hans	quizFeedback.confidenceRating.groupLabel	quizFeedback	可选的答案把握程度评分		docs/localization/sample-corpus/zh-Hans/style-guide.md	locales/zh-Hans/phrasebook.md	native_style_accuracy	pending_native_review	pending_reviewer_notes
zh-Hans	quizFeedback.confidenceRating.optionLabelTemplate	quizFeedback	将把握程度设为 5 分中的 {value} 分：{label}	{value},{label}	docs/localization/sample-corpus/zh-Hans/style-guide.md	locales/zh-Hans/phrasebook.md	placeholder_interpolation	pending_native_review	pending_reviewer_notes
zh-Hans	quizFeedback.confidenceRating.options.1	quizFeedback	猜的		docs/localization/sample-corpus/zh-Hans/style-guide.md	locales/zh-Hans/phrasebook.md	native_style_accuracy	pending_native_review	pending_reviewer_notes
zh-Hans	quizFeedback.confidenceRating.options.2	quizFeedback	不太确定		docs/localization/sample-corpus/zh-Hans/style-guide.md	locales/zh-Hans/phrasebook.md	native_style_accuracy	pending_native_review	pending_reviewer_notes
zh-Hans	quizFeedback.confidenceRating.options.3	quizFeedback	有点把握		docs/localization/sample-corpus/zh-Hans/style-guide.md	locales/zh-Hans/phrasebook.md	native_style_accuracy	pending_native_review	pending_reviewer_notes
zh-Hans	quizFeedback.confidenceRating.options.4	quizFeedback	比较确定		docs/localization/sample-corpus/zh-Hans/style-guide.md	locales/zh-Hans/phrasebook.md	native_style_accuracy	pending_native_review	pending_reviewer_notes
zh-Hans	quizFeedback.confidenceRating.options.5	quizFeedback	很确定		docs/localization/sample-corpus/zh-Hans/style-guide.md	locales/zh-Hans/phrasebook.md	native_style_accuracy	pending_native_review	pending_reviewer_notes
zh-Hans	quizFeedback.confidenceRating.subtitle	quizFeedback	可选的 Pro 校准工具，用来帮助你了解自己对答案的把握。		docs/localization/sample-corpus/zh-Hans/style-guide.md	locales/zh-Hans/phrasebook.md	native_style_accuracy	pending_native_review	pending_reviewer_notes
zh-Hans	quizFeedback.confidenceRating.title	quizFeedback	你有多确定？		docs/localization/sample-corpus/zh-Hans/style-guide.md	locales/zh-Hans/phrasebook.md	native_style_accuracy	pending_native_review	pending_reviewer_notes
zh-Hans	quizFeedback.explanationPanel.accessibilityLabelPrefix	quizFeedback	答案解析		docs/localization/sample-corpus/zh-Hans/style-guide.md	locales/zh-Hans/phrasebook.md	accessibility_label	pending_native_review	pending_reviewer_notes
zh-Hans	quizFeedback.explanationPanel.fallback	quizFeedback	这道题暂时没有答案解析。		docs/localization/sample-corpus/zh-Hans/style-guide.md	locales/zh-Hans/phrasebook.md	native_style_accuracy	pending_native_review	pending_reviewer_notes
zh-Hans	quizFeedback.explanationPanel.title	quizFeedback	答案解析		docs/localization/sample-corpus/zh-Hans/style-guide.md	locales/zh-Hans/phrasebook.md	native_style_accuracy	pending_native_review	pending_reviewer_notes
zh-Hans	quizFeedback.resultFeedback.correct	quizFeedback	答对了。		docs/localization/sample-corpus/zh-Hans/style-guide.md	locales/zh-Hans/phrasebook.md	native_style_accuracy	pending_native_review	pending_reviewer_notes
zh-Hans	quizFeedback.resultFeedback.correctAnswerLabel	quizFeedback	正确答案		docs/localization/sample-corpus/zh-Hans/style-guide.md	locales/zh-Hans/phrasebook.md	native_style_accuracy	pending_native_review	pending_reviewer_notes
zh-Hans	quizFeedback.resultFeedback.incorrect	quizFeedback	这次选错了。		docs/localization/sample-corpus/zh-Hans/style-guide.md	locales/zh-Hans/phrasebook.md	native_style_accuracy	pending_native_review	pending_reviewer_notes
zh-Hans	quizFeedback.resultFeedback.keepGoing	quizFeedback	继续加油		docs/localization/sample-corpus/zh-Hans/style-guide.md	locales/zh-Hans/phrasebook.md	native_style_accuracy	pending_native_review	pending_reviewer_notes
zh-Hans	quizFeedback.resultFeedback.mistakeReassurance	quizFeedback	错一次没关系，把这个知识点记牢就好。		docs/localization/sample-corpus/zh-Hans/style-guide.md	locales/zh-Hans/phrasebook.md	native_style_accuracy	pending_native_review	pending_reviewer_notes
zh-Hans	quizFeedback.resultFeedback.reviewExplanation	quizFeedback	查看解析		docs/localization/sample-corpus/zh-Hans/style-guide.md	locales/zh-Hans/phrasebook.md	native_style_accuracy	pending_native_review	pending_reviewer_notes
zh-Hans	quizFeedback.resultFeedback.yourAnswerLabel	quizFeedback	你的答案		docs/localization/sample-corpus/zh-Hans/style-guide.md	locales/zh-Hans/phrasebook.md	native_style_accuracy	pending_native_review	pending_reviewer_notes
zh-Hans	quizFeedback.sourceCitation.basedOnUhrTemplate	quizFeedback	依据 UHR 参考材料整理：{chapter}，{section}。	{chapter},{section}	docs/localization/sample-corpus/zh-Hans/style-guide.md	locales/zh-Hans/phrasebook.md	authority_boundary	pending_native_review	pending_reviewer_notes
zh-Hans	quizFeedback.sourceCitation.defaultSourceTitle	quizFeedback	Sverige i fokus		docs/localization/sample-corpus/zh-Hans/style-guide.md	locales/zh-Hans/phrasebook.md	native_style_accuracy	pending_native_review	pending_reviewer_notes
zh-Hans	quizFeedback.sourceCitation.label	quizFeedback	资料来源		docs/localization/sample-corpus/zh-Hans/style-guide.md	locales/zh-Hans/phrasebook.md	native_style_accuracy	pending_native_review	pending_reviewer_notes
zh-Hans	quizFeedback.sourceCitation.pagePrefix	quizFeedback	第 {pageApprox} 页	{pageApprox}	docs/localization/sample-corpus/zh-Hans/style-guide.md	locales/zh-Hans/phrasebook.md	placeholder_interpolation	pending_native_review	pending_reviewer_notes
zh-Hans	quizFeedback.sourceCitation.uhrReferenceLabel	quizFeedback	UHR 参考材料		docs/localization/sample-corpus/zh-Hans/style-guide.md	locales/zh-Hans/phrasebook.md	authority_boundary	pending_native_review	pending_reviewer_notes
zh-Hans	quizFeedback.sourceCitation.unavailable	quizFeedback	暂无资料来源		docs/localization/sample-corpus/zh-Hans/style-guide.md	locales/zh-Hans/phrasebook.md	native_style_accuracy	pending_native_review	pending_reviewer_notes
zh-Hans	remainingHighFrequencyRoutes.aboutTheTest.backHome	remainingHighFrequencyRoutes	返回首页		docs/localization/sample-corpus/zh-Hans/style-guide.md	locales/zh-Hans/phrasebook.md	native_style_accuracy	pending_native_review	pending_reviewer_notes
zh-Hans	remainingHighFrequencyRoutes.aboutTheTest.backHomeAccessibilityLabel	remainingHighFrequencyRoutes	返回首页		docs/localization/sample-corpus/zh-Hans/style-guide.md	locales/zh-Hans/phrasebook.md	accessibility_label	pending_native_review	pending_reviewer_notes
zh-Hans	remainingHighFrequencyRoutes.aboutTheTest.eyebrow	remainingHighFrequencyRoutes	关于考试		docs/localization/sample-corpus/zh-Hans/style-guide.md	locales/zh-Hans/phrasebook.md	native_style_accuracy	pending_native_review	pending_reviewer_notes
zh-Hans	remainingHighFrequencyRoutes.aboutTheTest.openPractice	remainingHighFrequencyRoutes	开始练习		docs/localization/sample-corpus/zh-Hans/style-guide.md	locales/zh-Hans/phrasebook.md	native_style_accuracy	pending_native_review	pending_reviewer_notes
zh-Hans	remainingHighFrequencyRoutes.aboutTheTest.openPracticeAccessibilityLabel	remainingHighFrequencyRoutes	打开练习模式		docs/localization/sample-corpus/zh-Hans/style-guide.md	locales/zh-Hans/phrasebook.md	accessibility_label	pending_native_review	pending_reviewer_notes
zh-Hans	remainingHighFrequencyRoutes.aboutTheTest.sections.format.body	remainingHighFrequencyRoutes	UHR 已确认第一场考试日期为 2026 年 8 月 15 日，地点在斯德哥尔摩。具体时间、地点、调整安排和实务准备信息会稍后公布。		docs/localization/sample-corpus/zh-Hans/style-guide.md	locales/zh-Hans/phrasebook.md	authority_boundary	pending_native_review	pending_reviewer_notes
zh-Hans	remainingHighFrequencyRoutes.aboutTheTest.sections.format.title	remainingHighFrequencyRoutes	第一场考试目前已知什么？		docs/localization/sample-corpus/zh-Hans/style-guide.md	locales/zh-Hans/phrasebook.md	native_style_accuracy	pending_native_review	pending_reviewer_notes
zh-Hans	remainingHighFrequencyRoutes.aboutTheTest.sections.independence.body	remainingHighFrequencyRoutes	不是。本应用是独立学习工具，不代表 UHR、瑞典国家教育署或瑞典移民局。这里的问题不是真实考试题。		docs/localization/sample-corpus/zh-Hans/style-guide.md	locales/zh-Hans/phrasebook.md	authority_boundary	pending_native_review	pending_reviewer_notes
zh-Hans	remainingHighFrequencyRoutes.aboutTheTest.sections.independence.title	remainingHighFrequencyRoutes	这是官方机构出品吗？		docs/localization/sample-corpus/zh-Hans/style-guide.md	locales/zh-Hans/phrasebook.md	authority_boundary	pending_native_review	pending_reviewer_notes
zh-Hans	remainingHighFrequencyRoutes.aboutTheTest.sections.material.body	remainingHighFrequencyRoutes	本应用的 UHR 模式依据学习材料《Sverige i fokus》。我们的练习题不是 UHR 考题；UHR 说明，其他机构或个人制作的网上练习题没有经过 UHR 质量审核。		docs/localization/sample-corpus/zh-Hans/style-guide.md	locales/zh-Hans/phrasebook.md	authority_boundary	pending_native_review	pending_reviewer_notes
zh-Hans	remainingHighFrequencyRoutes.aboutTheTest.sections.material.title	remainingHighFrequencyRoutes	本应用依据什么材料？		docs/localization/sample-corpus/zh-Hans/style-guide.md	locales/zh-Hans/phrasebook.md	native_style_accuracy	pending_native_review	pending_reviewer_notes
zh-Hans	remainingHighFrequencyRoutes.aboutTheTest.sections.what.body	remainingHighFrequencyRoutes	公民身份考试是由 UHR 负责的知识考试。第一部分是社会知识。瑞典语考试会在之后推出。		docs/localization/sample-corpus/zh-Hans/style-guide.md	locales/zh-Hans/phrasebook.md	authority_boundary	pending_native_review	pending_reviewer_notes
zh-Hans	remainingHighFrequencyRoutes.aboutTheTest.sections.what.title	remainingHighFrequencyRoutes	这是什么考试？		docs/localization/sample-corpus/zh-Hans/style-guide.md	locales/zh-Hans/phrasebook.md	native_style_accuracy	pending_native_review	pending_reviewer_notes
zh-Hans	remainingHighFrequencyRoutes.aboutTheTest.sections.who.body	remainingHighFrequencyRoutes	瑞典移民局决定谁可以参加考试。只有收到瑞典移民局来信后才能报名；知识要求也可能用参加考试以外的方式满足。		docs/localization/sample-corpus/zh-Hans/style-guide.md	locales/zh-Hans/phrasebook.md	native_style_accuracy	pending_native_review	pending_reviewer_notes
zh-Hans	remainingHighFrequencyRoutes.aboutTheTest.sections.who.title	remainingHighFrequencyRoutes	谁需要参加？		docs/localization/sample-corpus/zh-Hans/style-guide.md	locales/zh-Hans/phrasebook.md	native_style_accuracy	pending_native_review	pending_reviewer_notes
zh-Hans	remainingHighFrequencyRoutes.aboutTheTest.subtitle	remainingHighFrequencyRoutes	UHR 介绍的第一场考试考查瑞典社会基础知识，计划于 2026 年 8 月 15 日在斯德哥尔摩举行。		docs/localization/sample-corpus/zh-Hans/style-guide.md	locales/zh-Hans/phrasebook.md	authority_boundary	pending_native_review	pending_reviewer_notes
zh-Hans	remainingHighFrequencyRoutes.aboutTheTest.title	remainingHighFrequencyRoutes	瑞典公民身份社会知识考试是什么？		docs/localization/sample-corpus/zh-Hans/style-guide.md	locales/zh-Hans/phrasebook.md	native_style_accuracy	pending_native_review	pending_reviewer_notes
zh-Hans	remainingHighFrequencyRoutes.onboarding.adjustSettings	remainingHighFrequencyRoutes	调整设置		docs/localization/sample-corpus/zh-Hans/style-guide.md	locales/zh-Hans/phrasebook.md	native_style_accuracy	pending_native_review	pending_reviewer_notes
zh-Hans	remainingHighFrequencyRoutes.onboarding.adjustSettingsAccessibilityLabel	remainingHighFrequencyRoutes	打开设置		docs/localization/sample-corpus/zh-Hans/style-guide.md	locales/zh-Hans/phrasebook.md	accessibility_label	pending_native_review	pending_reviewer_notes
zh-Hans	remainingHighFrequencyRoutes.onboarding.dailyGoalPresets.10.accessibilityLabel	remainingHighFrequencyRoutes	选择轻松每日目标：10 题		docs/localization/sample-corpus/zh-Hans/style-guide.md	locales/zh-Hans/phrasebook.md	accessibility_label	pending_native_review	pending_reviewer_notes
zh-Hans	remainingHighFrequencyRoutes.onboarding.dailyGoalPresets.10.helper	remainingHighFrequencyRoutes	适合刚开始、想低压力建立习惯的时候。		docs/localization/sample-corpus/zh-Hans/style-guide.md	locales/zh-Hans/phrasebook.md	native_style_accuracy	pending_native_review	pending_reviewer_notes
zh-Hans	remainingHighFrequencyRoutes.onboarding.dailyGoalPresets.10.label	remainingHighFrequencyRoutes	轻松		docs/localization/sample-corpus/zh-Hans/style-guide.md	locales/zh-Hans/phrasebook.md	native_style_accuracy	pending_native_review	pending_reviewer_notes
zh-Hans	remainingHighFrequencyRoutes.onboarding.dailyGoalPresets.10.summary	remainingHighFrequencyRoutes	每天 10 题		docs/localization/sample-corpus/zh-Hans/style-guide.md	locales/zh-Hans/phrasebook.md	native_style_accuracy	pending_native_review	pending_reviewer_notes
zh-Hans	remainingHighFrequencyRoutes.onboarding.dailyGoalPresets.20.accessibilityLabel	remainingHighFrequencyRoutes	选择稳定每日目标：20 题		docs/localization/sample-corpus/zh-Hans/style-guide.md	locales/zh-Hans/phrasebook.md	accessibility_label	pending_native_review	pending_reviewer_notes
zh-Hans	remainingHighFrequencyRoutes.onboarding.dailyGoalPresets.20.helper	remainingHighFrequencyRoutes	适合多数日子都能保持的学习节奏。		docs/localization/sample-corpus/zh-Hans/style-guide.md	locales/zh-Hans/phrasebook.md	native_style_accuracy	pending_native_review	pending_reviewer_notes
zh-Hans	remainingHighFrequencyRoutes.onboarding.dailyGoalPresets.20.label	remainingHighFrequencyRoutes	稳定		docs/localization/sample-corpus/zh-Hans/style-guide.md	locales/zh-Hans/phrasebook.md	native_style_accuracy	pending_native_review	pending_reviewer_notes
zh-Hans	remainingHighFrequencyRoutes.onboarding.dailyGoalPresets.20.summary	remainingHighFrequencyRoutes	每天 20 题		docs/localization/sample-corpus/zh-Hans/style-guide.md	locales/zh-Hans/phrasebook.md	native_style_accuracy	pending_native_review	pending_reviewer_notes
zh-Hans	remainingHighFrequencyRoutes.onboarding.dailyGoalPresets.40.accessibilityLabel	remainingHighFrequencyRoutes	选择加强每日目标：40 题		docs/localization/sample-corpus/zh-Hans/style-guide.md	locales/zh-Hans/phrasebook.md	accessibility_label	pending_native_review	pending_reviewer_notes
zh-Hans	remainingHighFrequencyRoutes.onboarding.dailyGoalPresets.40.helper	remainingHighFrequencyRoutes	适合临近模拟考试、想多练一轮的时候。		docs/localization/sample-corpus/zh-Hans/style-guide.md	locales/zh-Hans/phrasebook.md	native_style_accuracy	pending_native_review	pending_reviewer_notes
zh-Hans	remainingHighFrequencyRoutes.onboarding.dailyGoalPresets.40.label	remainingHighFrequencyRoutes	加强		docs/localization/sample-corpus/zh-Hans/style-guide.md	locales/zh-Hans/phrasebook.md	native_style_accuracy	pending_native_review	pending_reviewer_notes
zh-Hans	remainingHighFrequencyRoutes.onboarding.dailyGoalPresets.40.summary	remainingHighFrequencyRoutes	每天 40 题		docs/localization/sample-corpus/zh-Hans/style-guide.md	locales/zh-Hans/phrasebook.md	native_style_accuracy	pending_native_review	pending_reviewer_notes
zh-Hans	remainingHighFrequencyRoutes.onboarding.dailyGoalSubtitle	remainingHighFrequencyRoutes	先从容易保持的节奏开始。以后可以随时修改。		docs/localization/sample-corpus/zh-Hans/style-guide.md	locales/zh-Hans/phrasebook.md	native_style_accuracy	pending_native_review	pending_reviewer_notes
zh-Hans	remainingHighFrequencyRoutes.onboarding.dailyGoalTitle	remainingHighFrequencyRoutes	选择一个容易坚持的每日目标		docs/localization/sample-corpus/zh-Hans/style-guide.md	locales/zh-Hans/phrasebook.md	native_style_accuracy	pending_native_review	pending_reviewer_notes
zh-Hans	remainingHighFrequencyRoutes.onboarding.decideLater	remainingHighFrequencyRoutes	稍后再决定		docs/localization/sample-corpus/zh-Hans/style-guide.md	locales/zh-Hans/phrasebook.md	native_style_accuracy	pending_native_review	pending_reviewer_notes
zh-Hans	remainingHighFrequencyRoutes.onboarding.decideLaterAccessibilityLabel	remainingHighFrequencyRoutes	不选择每日目标，继续使用应用		docs/localization/sample-corpus/zh-Hans/style-guide.md	locales/zh-Hans/phrasebook.md	accessibility_label	pending_native_review	pending_reviewer_notes
zh-Hans	remainingHighFrequencyRoutes.onboarding.eyebrow	remainingHighFrequencyRoutes	欢迎		docs/localization/sample-corpus/zh-Hans/style-guide.md	locales/zh-Hans/phrasebook.md	native_style_accuracy	pending_native_review	pending_reviewer_notes
zh-Hans	remainingHighFrequencyRoutes.onboarding.startStudying	remainingHighFrequencyRoutes	开始学习		docs/localization/sample-corpus/zh-Hans/style-guide.md	locales/zh-Hans/phrasebook.md	native_style_accuracy	pending_native_review	pending_reviewer_notes
zh-Hans	remainingHighFrequencyRoutes.onboarding.startStudyingAccessibilityLabel	remainingHighFrequencyRoutes	开始学习		docs/localization/sample-corpus/zh-Hans/style-guide.md	locales/zh-Hans/phrasebook.md	accessibility_label	pending_native_review	pending_reviewer_notes
zh-Hans	remainingHighFrequencyRoutes.onboarding.steps.0	remainingHighFrequencyRoutes	学习瑞典社会知识概念，需要时可参考英语辅助。		docs/localization/sample-corpus/zh-Hans/style-guide.md	locales/zh-Hans/phrasebook.md	native_style_accuracy	pending_native_review	pending_reviewer_notes
zh-Hans	remainingHighFrequencyRoutes.onboarding.steps.1	remainingHighFrequencyRoutes	用带 UHR 参考信息的问题和解析练习。		docs/localization/sample-corpus/zh-Hans/style-guide.md	locales/zh-Hans/phrasebook.md	authority_boundary	pending_native_review	pending_reviewer_notes
zh-Hans	remainingHighFrequencyRoutes.onboarding.steps.2	remainingHighFrequencyRoutes	无需账号，进度只保存在本设备上。		docs/localization/sample-corpus/zh-Hans/style-guide.md	locales/zh-Hans/phrasebook.md	native_style_accuracy	pending_native_review	pending_reviewer_notes
zh-Hans	remainingHighFrequencyRoutes.onboarding.subtitle	remainingHighFrequencyRoutes	一个独立的小学习助手，用来每天练习、做模拟考试、复习错题。		docs/localization/sample-corpus/zh-Hans/style-guide.md	locales/zh-Hans/phrasebook.md	native_style_accuracy	pending_native_review	pending_reviewer_notes
zh-Hans	remainingHighFrequencyRoutes.onboarding.title	remainingHighFrequencyRoutes	轻松准备瑞典社会知识考试		docs/localization/sample-corpus/zh-Hans/style-guide.md	locales/zh-Hans/phrasebook.md	native_style_accuracy	pending_native_review	pending_reviewer_notes
zh-Hans	remainingHighFrequencyRoutes.search.allTermsSummaryTemplate	remainingHighFrequencyRoutes	共有 {count} 个社会知识参考术语	{count}	docs/localization/sample-corpus/zh-Hans/style-guide.md	locales/zh-Hans/phrasebook.md	placeholder_interpolation	pending_native_review	pending_reviewer_notes
zh-Hans	remainingHighFrequencyRoutes.search.browseChapters	remainingHighFrequencyRoutes	浏览章节		docs/localization/sample-corpus/zh-Hans/style-guide.md	locales/zh-Hans/phrasebook.md	native_style_accuracy	pending_native_review	pending_reviewer_notes
zh-Hans	remainingHighFrequencyRoutes.search.browseChaptersAccessibilityLabel	remainingHighFrequencyRoutes	前往全部章节		docs/localization/sample-corpus/zh-Hans/style-guide.md	locales/zh-Hans/phrasebook.md	accessibility_label	pending_native_review	pending_reviewer_notes
zh-Hans	remainingHighFrequencyRoutes.search.clearSearch	remainingHighFrequencyRoutes	清空搜索		docs/localization/sample-corpus/zh-Hans/style-guide.md	locales/zh-Hans/phrasebook.md	native_style_accuracy	pending_native_review	pending_reviewer_notes
zh-Hans	remainingHighFrequencyRoutes.search.clearSearchAccessibilityLabel	remainingHighFrequencyRoutes	清空搜索框		docs/localization/sample-corpus/zh-Hans/style-guide.md	locales/zh-Hans/phrasebook.md	accessibility_label	pending_native_review	pending_reviewer_notes
zh-Hans	remainingHighFrequencyRoutes.search.emptyBody	remainingHighFrequencyRoutes	可以换一个词、官方机构名称或章节名再试。		docs/localization/sample-corpus/zh-Hans/style-guide.md	locales/zh-Hans/phrasebook.md	native_style_accuracy	pending_native_review	pending_reviewer_notes
zh-Hans	remainingHighFrequencyRoutes.search.emptyTitle	remainingHighFrequencyRoutes	没有匹配的术语		docs/localization/sample-corpus/zh-Hans/style-guide.md	locales/zh-Hans/phrasebook.md	native_style_accuracy	pending_native_review	pending_reviewer_notes
zh-Hans	remainingHighFrequencyRoutes.search.eyebrow	remainingHighFrequencyRoutes	可搜索参考		docs/localization/sample-corpus/zh-Hans/style-guide.md	locales/zh-Hans/phrasebook.md	native_style_accuracy	pending_native_review	pending_reviewer_notes
zh-Hans	remainingHighFrequencyRoutes.search.filteredSummaryTemplate	remainingHighFrequencyRoutes	显示 {visibleCount}/{totalCount} 个社会知识参考术语	{visibleCount},{totalCount}	docs/localization/sample-corpus/zh-Hans/style-guide.md	locales/zh-Hans/phrasebook.md	placeholder_interpolation	pending_native_review	pending_reviewer_notes
zh-Hans	remainingHighFrequencyRoutes.search.openChapterAccessibilityLabelTemplate	remainingHighFrequencyRoutes	打开章节：{chapterName}	{chapterName}	docs/localization/sample-corpus/zh-Hans/style-guide.md	locales/zh-Hans/phrasebook.md	accessibility_label	pending_native_review	pending_reviewer_notes
zh-Hans	remainingHighFrequencyRoutes.search.searchCardAccessibilityLabel	remainingHighFrequencyRoutes	搜索社会知识术语和章节关联		docs/localization/sample-corpus/zh-Hans/style-guide.md	locales/zh-Hans/phrasebook.md	accessibility_label	pending_native_review	pending_reviewer_notes
zh-Hans	remainingHighFrequencyRoutes.search.searchInputAccessibilityLabel	remainingHighFrequencyRoutes	搜索社会知识术语		docs/localization/sample-corpus/zh-Hans/style-guide.md	locales/zh-Hans/phrasebook.md	accessibility_label	pending_native_review	pending_reviewer_notes
zh-Hans	remainingHighFrequencyRoutes.search.searchLabel	remainingHighFrequencyRoutes	搜索术语		docs/localization/sample-corpus/zh-Hans/style-guide.md	locales/zh-Hans/phrasebook.md	native_style_accuracy	pending_native_review	pending_reviewer_notes
zh-Hans	remainingHighFrequencyRoutes.search.searchPlaceholder	remainingHighFrequencyRoutes	搜索民主、市镇、福利……		docs/localization/sample-corpus/zh-Hans/style-guide.md	locales/zh-Hans/phrasebook.md	native_style_accuracy	pending_native_review	pending_reviewer_notes
zh-Hans	remainingHighFrequencyRoutes.search.sectionSubtitle	remainingHighFrequencyRoutes	查找核心词语，并打开题库中使用这个词的章节。		docs/localization/sample-corpus/zh-Hans/style-guide.md	locales/zh-Hans/phrasebook.md	native_style_accuracy	pending_native_review	pending_reviewer_notes
zh-Hans	remainingHighFrequencyRoutes.search.sectionTitle	remainingHighFrequencyRoutes	社会知识术语		docs/localization/sample-corpus/zh-Hans/style-guide.md	locales/zh-Hans/phrasebook.md	native_style_accuracy	pending_native_review	pending_reviewer_notes
zh-Hans	remainingHighFrequencyRoutes.search.subtitle	remainingHighFrequencyRoutes	用于查找关键社会知识词语的简明词表，提供瑞典语和英语解释。		docs/localization/sample-corpus/zh-Hans/style-guide.md	locales/zh-Hans/phrasebook.md	native_style_accuracy	pending_native_review	pending_reviewer_notes
zh-Hans	remainingHighFrequencyRoutes.search.termAccessibilityTemplate	remainingHighFrequencyRoutes	{primaryTerm}。{explanation}。关联章节：{chapterName}。	{primaryTerm},{explanation},{chapterName}	docs/localization/sample-corpus/zh-Hans/style-guide.md	locales/zh-Hans/phrasebook.md	placeholder_interpolation	pending_native_review	pending_reviewer_notes
zh-Hans	remainingHighFrequencyRoutes.search.title	remainingHighFrequencyRoutes	搜索术语、章节和解释		docs/localization/sample-corpus/zh-Hans/style-guide.md	locales/zh-Hans/phrasebook.md	native_style_accuracy	pending_native_review	pending_reviewer_notes
zh-Hans	remainingHighFrequencyRoutes.sources.authorityBoundariesBody	remainingHighFrequencyRoutes	UHR 的考试说明页写明，UHR 制作了学习材料；网上练习题可能由其他个人或公司制作，UHR 不为其背书，也没有经过 UHR 或其他官方机构的质量审核。本应用保持同样界限：这里是独立练习内容。		docs/localization/sample-corpus/zh-Hans/style-guide.md	locales/zh-Hans/phrasebook.md	authority_boundary	pending_native_review	pending_reviewer_notes
zh-Hans	remainingHighFrequencyRoutes.sources.authorityBoundariesTitle	remainingHighFrequencyRoutes	与官方机构的界限		docs/localization/sample-corpus/zh-Hans/style-guide.md	locales/zh-Hans/phrasebook.md	native_style_accuracy	pending_native_review	pending_reviewer_notes
zh-Hans	remainingHighFrequencyRoutes.sources.openAuthorityBoundarySourceAccessibilityLabel	remainingHighFrequencyRoutes	打开 UHR 关于公民身份考试的页面		docs/localization/sample-corpus/zh-Hans/style-guide.md	locales/zh-Hans/phrasebook.md	accessibility_label	pending_native_review	pending_reviewer_notes
zh-Hans	remainingHighFrequencyRoutes.sources.openEducationMaterialAccessibilityLabel	remainingHighFrequencyRoutes	打开 UHR 学习材料		docs/localization/sample-corpus/zh-Hans/style-guide.md	locales/zh-Hans/phrasebook.md	accessibility_label	pending_native_review	pending_reviewer_notes
zh-Hans	remainingHighFrequencyRoutes.sources.primaryStudyMaterialBody	remainingHighFrequencyRoutes	Sverige i fokus。公民身份考试学习材料。瑞典社会基础知识。第一版。UHR 学习材料：		docs/localization/sample-corpus/zh-Hans/style-guide.md	locales/zh-Hans/phrasebook.md	authority_boundary	pending_native_review	pending_reviewer_notes
zh-Hans	remainingHighFrequencyRoutes.sources.primaryStudyMaterialTitle	remainingHighFrequencyRoutes	主要学习材料		docs/localization/sample-corpus/zh-Hans/style-guide.md	locales/zh-Hans/phrasebook.md	native_style_accuracy	pending_native_review	pending_reviewer_notes
zh-Hans	remainingHighFrequencyRoutes.sources.questionReferencesBody	remainingHighFrequencyRoutes	每道练习题都会显示一行资料来源，包含 UHR 章节、小节和大致页码。资料来源与题干分开显示，方便你回到学习材料核对。		docs/localization/sample-corpus/zh-Hans/style-guide.md	locales/zh-Hans/phrasebook.md	authority_boundary	pending_native_review	pending_reviewer_notes
zh-Hans	remainingHighFrequencyRoutes.sources.questionReferencesTitle	remainingHighFrequencyRoutes	题目参考信息		docs/localization/sample-corpus/zh-Hans/style-guide.md	locales/zh-Hans/phrasebook.md	native_style_accuracy	pending_native_review	pending_reviewer_notes
zh-Hans	remainingHighFrequencyRoutes.sources.title	remainingHighFrequencyRoutes	资料来源		docs/localization/sample-corpus/zh-Hans/style-guide.md	locales/zh-Hans/phrasebook.md	native_style_accuracy	pending_native_review	pending_reviewer_notes
zh-Hans	remainingHighFrequencyRoutes.support.independentStudyToolBody	remainingHighFrequencyRoutes	支持可以帮助处理应用功能和内容修正，但不能提供官方考试答案、移民建议或官方机构决定。		docs/localization/sample-corpus/zh-Hans/style-guide.md	locales/zh-Hans/phrasebook.md	native_style_accuracy	pending_native_review	pending_reviewer_notes
zh-Hans	remainingHighFrequencyRoutes.support.independentStudyToolTitle	remainingHighFrequencyRoutes	独立学习工具		docs/localization/sample-corpus/zh-Hans/style-guide.md	locales/zh-Hans/phrasebook.md	native_style_accuracy	pending_native_review	pending_reviewer_notes
zh-Hans	remainingHighFrequencyRoutes.support.labels.activeLanguage	remainingHighFrequencyRoutes	当前语言		docs/localization/sample-corpus/zh-Hans/style-guide.md	locales/zh-Hans/phrasebook.md	native_style_accuracy	pending_native_review	pending_reviewer_notes
zh-Hans	remainingHighFrequencyRoutes.support.labels.missingValue	remainingHighFrequencyRoutes	暂无		docs/localization/sample-corpus/zh-Hans/style-guide.md	locales/zh-Hans/phrasebook.md	native_style_accuracy	pending_native_review	pending_reviewer_notes
zh-Hans	remainingHighFrequencyRoutes.support.labels.questionId	remainingHighFrequencyRoutes	题目 ID		docs/localization/sample-corpus/zh-Hans/style-guide.md	locales/zh-Hans/phrasebook.md	native_style_accuracy	pending_native_review	pending_reviewer_notes
zh-Hans	remainingHighFrequencyRoutes.support.labels.screen	remainingHighFrequencyRoutes	页面		docs/localization/sample-corpus/zh-Hans/style-guide.md	locales/zh-Hans/phrasebook.md	native_style_accuracy	pending_native_review	pending_reviewer_notes
zh-Hans	remainingHighFrequencyRoutes.support.labels.selectedAnswer	remainingHighFrequencyRoutes	已选答案		docs/localization/sample-corpus/zh-Hans/style-guide.md	locales/zh-Hans/phrasebook.md	native_style_accuracy	pending_native_review	pending_reviewer_notes
zh-Hans	remainingHighFrequencyRoutes.support.labels.source	remainingHighFrequencyRoutes	资料来源		docs/localization/sample-corpus/zh-Hans/style-guide.md	locales/zh-Hans/phrasebook.md	native_style_accuracy	pending_native_review	pending_reviewer_notes
zh-Hans	remainingHighFrequencyRoutes.support.noPersonalDataBody	remainingHighFrequencyRoutes	请不要在支持消息中写入姓名、个人身份号码、案件编号、移民案件细节或其他敏感私人信息。		docs/localization/sample-corpus/zh-Hans/style-guide.md	locales/zh-Hans/phrasebook.md	native_style_accuracy	pending_native_review	pending_reviewer_notes
zh-Hans	remainingHighFrequencyRoutes.support.noPersonalDataTitle	remainingHighFrequencyRoutes	不要包含个人数据		docs/localization/sample-corpus/zh-Hans/style-guide.md	locales/zh-Hans/phrasebook.md	native_style_accuracy	pending_native_review	pending_reviewer_notes
zh-Hans	remainingHighFrequencyRoutes.support.noPersonalDataWarning	remainingHighFrequencyRoutes	不要在反馈中加入姓名、个人身份号码、案件编号或其他个人数据。		docs/localization/sample-corpus/zh-Hans/style-guide.md	locales/zh-Hans/phrasebook.md	native_style_accuracy	pending_native_review	pending_reviewer_notes
zh-Hans	remainingHighFrequencyRoutes.support.openSupportPageAccessibilityLabel	remainingHighFrequencyRoutes	打开公开支持页面		docs/localization/sample-corpus/zh-Hans/style-guide.md	locales/zh-Hans/phrasebook.md	accessibility_label	pending_native_review	pending_reviewer_notes
zh-Hans	remainingHighFrequencyRoutes.support.publicSupportPageTitle	remainingHighFrequencyRoutes	公开支持页面		docs/localization/sample-corpus/zh-Hans/style-guide.md	locales/zh-Hans/phrasebook.md	native_style_accuracy	pending_native_review	pending_reviewer_notes
zh-Hans	remainingHighFrequencyRoutes.support.questionReportContextBody	remainingHighFrequencyRoutes	发送反馈时可以使用这些上下文。它只包含应用中的题目信息。		docs/localization/sample-corpus/zh-Hans/style-guide.md	locales/zh-Hans/phrasebook.md	native_style_accuracy	pending_native_review	pending_reviewer_notes
zh-Hans	remainingHighFrequencyRoutes.support.questionReportContextTitle	remainingHighFrequencyRoutes	问题反馈上下文		docs/localization/sample-corpus/zh-Hans/style-guide.md	locales/zh-Hans/phrasebook.md	native_style_accuracy	pending_native_review	pending_reviewer_notes
zh-Hans	remainingHighFrequencyRoutes.support.title	remainingHighFrequencyRoutes	支持和反馈		docs/localization/sample-corpus/zh-Hans/style-guide.md	locales/zh-Hans/phrasebook.md	native_style_accuracy	pending_native_review	pending_reviewer_notes
zh-Hans	remainingHighFrequencyRoutes.support.whatToReportBody	remainingHighFrequencyRoutes	如果发现内容错误、瑞典语表述不清、资料来源链接失效、语音问题或学习流程错误，可以发送支持消息。		docs/localization/sample-corpus/zh-Hans/style-guide.md	locales/zh-Hans/phrasebook.md	native_style_accuracy	pending_native_review	pending_reviewer_notes
zh-Hans	remainingHighFrequencyRoutes.support.whatToReportTitle	remainingHighFrequencyRoutes	可以反馈什么		docs/localization/sample-corpus/zh-Hans/style-guide.md	locales/zh-Hans/phrasebook.md	native_style_accuracy	pending_native_review	pending_reviewer_notes
zh-Hans	settings.audioDisabledLabel	settings	语音朗读已关闭		docs/localization/sample-corpus/zh-Hans/style-guide.md	locales/zh-Hans/phrasebook.md	native_style_accuracy	pending_native_review	pending_reviewer_notes
zh-Hans	settings.audioEnabledLabel	settings	语音朗读已开启		docs/localization/sample-corpus/zh-Hans/style-guide.md	locales/zh-Hans/phrasebook.md	native_style_accuracy	pending_native_review	pending_reviewer_notes
zh-Hans	settings.audioTitle	settings	语音朗读		docs/localization/sample-corpus/zh-Hans/style-guide.md	locales/zh-Hans/phrasebook.md	native_style_accuracy	pending_native_review	pending_reviewer_notes
zh-Hans	settings.backToProfile	settings	← 返回个人页		docs/localization/sample-corpus/zh-Hans/style-guide.md	locales/zh-Hans/phrasebook.md	native_style_accuracy	pending_native_review	pending_reviewer_notes
zh-Hans	settings.backToProfileAccessibilityLabel	settings	返回个人页		docs/localization/sample-corpus/zh-Hans/style-guide.md	locales/zh-Hans/phrasebook.md	accessibility_label	pending_native_review	pending_reviewer_notes
zh-Hans	settings.confirmImport	settings	确认导入		docs/localization/sample-corpus/zh-Hans/style-guide.md	locales/zh-Hans/phrasebook.md	native_style_accuracy	pending_native_review	pending_reviewer_notes
zh-Hans	settings.confirmImportAccessibilityLabel	settings	确认导入本地学习数据		docs/localization/sample-corpus/zh-Hans/style-guide.md	locales/zh-Hans/phrasebook.md	accessibility_label	pending_native_review	pending_reviewer_notes
zh-Hans	settings.dailyGoalPresetLabels.10	settings	稳步练习		docs/localization/sample-corpus/zh-Hans/style-guide.md	locales/zh-Hans/phrasebook.md	native_style_accuracy	pending_native_review	pending_reviewer_notes
zh-Hans	settings.dailyGoalPresetLabels.20	settings	集中练习		docs/localization/sample-corpus/zh-Hans/style-guide.md	locales/zh-Hans/phrasebook.md	native_style_accuracy	pending_native_review	pending_reviewer_notes
zh-Hans	settings.dailyGoalPresetLabels.40	settings	强化练习		docs/localization/sample-corpus/zh-Hans/style-guide.md	locales/zh-Hans/phrasebook.md	native_style_accuracy	pending_native_review	pending_reviewer_notes
zh-Hans	settings.dailyGoalPresetLabels.5	settings	快速练习		docs/localization/sample-corpus/zh-Hans/style-guide.md	locales/zh-Hans/phrasebook.md	native_style_accuracy	pending_native_review	pending_reviewer_notes
zh-Hans	settings.dailyGoalSummaryTemplate	settings	每天答 {answerCount} 题	{answerCount}	docs/localization/sample-corpus/zh-Hans/style-guide.md	locales/zh-Hans/phrasebook.md	placeholder_interpolation	pending_native_review	pending_reviewer_notes
zh-Hans	settings.dailyGoalTitle	settings	每日目标		docs/localization/sample-corpus/zh-Hans/style-guide.md	locales/zh-Hans/phrasebook.md	native_style_accuracy	pending_native_review	pending_reviewer_notes
zh-Hans	settings.disableAudioAccessibilityLabel	settings	关闭语音朗读		docs/localization/sample-corpus/zh-Hans/style-guide.md	locales/zh-Hans/phrasebook.md	accessibility_label	pending_native_review	pending_reviewer_notes
zh-Hans	settings.enableAudioAccessibilityLabel	settings	开启语音朗读		docs/localization/sample-corpus/zh-Hans/style-guide.md	locales/zh-Hans/phrasebook.md	accessibility_label	pending_native_review	pending_reviewer_notes
zh-Hans	settings.importErrors.emptyInput	settings	请先粘贴 JSON，再预览。		docs/localization/sample-corpus/zh-Hans/style-guide.md	locales/zh-Hans/phrasebook.md	native_style_accuracy	pending_native_review	pending_reviewer_notes
zh-Hans	settings.importErrors.invalidJson	settings	无法读取这段 JSON。		docs/localization/sample-corpus/zh-Hans/style-guide.md	locales/zh-Hans/phrasebook.md	native_style_accuracy	pending_native_review	pending_reviewer_notes
zh-Hans	settings.importErrors.invalidSchema	settings	导入内容格式不正确，或包含未知的顶层字段。		docs/localization/sample-corpus/zh-Hans/style-guide.md	locales/zh-Hans/phrasebook.md	native_style_accuracy	pending_native_review	pending_reviewer_notes
zh-Hans	settings.importErrors.noSupportedStudyData	settings	导入内容中没有可支持的学习数据。		docs/localization/sample-corpus/zh-Hans/style-guide.md	locales/zh-Hans/phrasebook.md	native_style_accuracy	pending_native_review	pending_reviewer_notes
zh-Hans	settings.importErrors.purchaseFieldsRejected	settings	导入内容包含购买、收据或应用内购字段。请移除这些字段，并通过应用商店恢复购买项目。		docs/localization/sample-corpus/zh-Hans/style-guide.md	locales/zh-Hans/phrasebook.md	monetization_copy	pending_native_review	pending_reviewer_notes
zh-Hans	settings.importErrors.unsupportedVersion	settings	暂不支持这个导入版本。		docs/localization/sample-corpus/zh-Hans/style-guide.md	locales/zh-Hans/phrasebook.md	native_style_accuracy	pending_native_review	pending_reviewer_notes
zh-Hans	settings.importPasteLabel	settings	粘贴 JSON 导出内容		docs/localization/sample-corpus/zh-Hans/style-guide.md	locales/zh-Hans/phrasebook.md	native_style_accuracy	pending_native_review	pending_reviewer_notes
zh-Hans	settings.importPastePlaceholder	settings	在这里粘贴导出内容		docs/localization/sample-corpus/zh-Hans/style-guide.md	locales/zh-Hans/phrasebook.md	native_style_accuracy	pending_native_review	pending_reviewer_notes
zh-Hans	settings.importPreview	settings	预览导入内容		docs/localization/sample-corpus/zh-Hans/style-guide.md	locales/zh-Hans/phrasebook.md	native_style_accuracy	pending_native_review	pending_reviewer_notes
zh-Hans	settings.importPreviewAccessibilityLabel	settings	预览本地学习数据导入		docs/localization/sample-corpus/zh-Hans/style-guide.md	locales/zh-Hans/phrasebook.md	accessibility_label	pending_native_review	pending_reviewer_notes
zh-Hans	settings.importPurchasesNote	settings	购买、收据和应用内购数据不会导入。购买项目请通过应用商店恢复。		docs/localization/sample-corpus/zh-Hans/style-guide.md	locales/zh-Hans/phrasebook.md	monetization_copy	pending_native_review	pending_reviewer_notes
zh-Hans	settings.importReset	settings	清空导入框		docs/localization/sample-corpus/zh-Hans/style-guide.md	locales/zh-Hans/phrasebook.md	native_style_accuracy	pending_native_review	pending_reviewer_notes
zh-Hans	settings.importSectionSubtitle	settings	粘贴本设备导出的 JSON 学习数据。写入前会先显示摘要，方便你确认。		docs/localization/sample-corpus/zh-Hans/style-guide.md	locales/zh-Hans/phrasebook.md	native_style_accuracy	pending_native_review	pending_reviewer_notes
zh-Hans	settings.importSuccess	settings	导入已完成。		docs/localization/sample-corpus/zh-Hans/style-guide.md	locales/zh-Hans/phrasebook.md	native_style_accuracy	pending_native_review	pending_reviewer_notes
zh-Hans	settings.importSummaryTemplates.bookmarks	settings	{count} 个收藏题目	{count}	docs/localization/sample-corpus/zh-Hans/style-guide.md	locales/zh-Hans/phrasebook.md	placeholder_interpolation	pending_native_review	pending_reviewer_notes
zh-Hans	settings.importSummaryTemplates.completedQuestions	settings	{count} 道题有保存的学习进度	{count}	docs/localization/sample-corpus/zh-Hans/style-guide.md	locales/zh-Hans/phrasebook.md	placeholder_interpolation	pending_native_review	pending_reviewer_notes
zh-Hans	settings.importSummaryTemplates.fsrsCards	settings	{count} 张 FSRS 复习卡片	{count}	docs/localization/sample-corpus/zh-Hans/style-guide.md	locales/zh-Hans/phrasebook.md	placeholder_interpolation	pending_native_review	pending_reviewer_notes
zh-Hans	settings.importSummaryTemplates.fsrsDays	settings	{count} 天 FSRS 复习记录	{count}	docs/localization/sample-corpus/zh-Hans/style-guide.md	locales/zh-Hans/phrasebook.md	placeholder_interpolation	pending_native_review	pending_reviewer_notes
zh-Hans	settings.importSummaryTemplates.mockExams	settings	{count} 条模拟考试记录	{count}	docs/localization/sample-corpus/zh-Hans/style-guide.md	locales/zh-Hans/phrasebook.md	placeholder_interpolation	pending_native_review	pending_reviewer_notes
zh-Hans	settings.importSummaryTemplates.settings	settings	{count} 项设置	{count}	docs/localization/sample-corpus/zh-Hans/style-guide.md	locales/zh-Hans/phrasebook.md	placeholder_interpolation	pending_native_review	pending_reviewer_notes
zh-Hans	settings.importSummaryTemplates.streakFreeze	settings	连续学习天数和冻结状态包含在内		docs/localization/sample-corpus/zh-Hans/style-guide.md	locales/zh-Hans/phrasebook.md	native_style_accuracy	pending_native_review	pending_reviewer_notes
zh-Hans	settings.importSummaryTemplates.wrongAnswers	settings	{count} 条错题复习记录	{count}	docs/localization/sample-corpus/zh-Hans/style-guide.md	locales/zh-Hans/phrasebook.md	placeholder_interpolation	pending_native_review	pending_reviewer_notes
zh-Hans	settings.importSummaryTitle	settings	导入前摘要		docs/localization/sample-corpus/zh-Hans/style-guide.md	locales/zh-Hans/phrasebook.md	native_style_accuracy	pending_native_review	pending_reviewer_notes
zh-Hans	settings.importTitle	settings	导入学习数据		docs/localization/sample-corpus/zh-Hans/style-guide.md	locales/zh-Hans/phrasebook.md	native_style_accuracy	pending_native_review	pending_reviewer_notes
zh-Hans	settings.languageAccessibilityLabelTemplate	settings	将题目语言设为 {label}	{label}	docs/localization/sample-corpus/zh-Hans/style-guide.md	locales/zh-Hans/phrasebook.md	accessibility_label	pending_native_review	pending_reviewer_notes
zh-Hans	settings.languageOptions.en	settings	英语辅助		docs/localization/sample-corpus/zh-Hans/style-guide.md	locales/zh-Hans/phrasebook.md	native_style_accuracy	pending_native_review	pending_reviewer_notes
zh-Hans	settings.languageOptions.sv	settings	瑞典语		docs/localization/sample-corpus/zh-Hans/style-guide.md	locales/zh-Hans/phrasebook.md	native_style_accuracy	pending_native_review	pending_reviewer_notes
zh-Hans	settings.questionLanguageTitle	settings	题目语言		docs/localization/sample-corpus/zh-Hans/style-guide.md	locales/zh-Hans/phrasebook.md	native_style_accuracy	pending_native_review	pending_reviewer_notes
zh-Hans	settings.setDailyGoalAccessibilityLabelTemplate	settings	将每日目标设为 {goal} 题	{goal}	docs/localization/sample-corpus/zh-Hans/style-guide.md	locales/zh-Hans/phrasebook.md	accessibility_label	pending_native_review	pending_reviewer_notes
zh-Hans	settings.setThemeModeAccessibilityLabelTemplate	settings	选择主题：{label}	{label}	docs/localization/sample-corpus/zh-Hans/style-guide.md	locales/zh-Hans/phrasebook.md	accessibility_label	pending_native_review	pending_reviewer_notes
zh-Hans	settings.subtitle	settings	管理题目语言、语音朗读、主题和每日学习目标。		docs/localization/sample-corpus/zh-Hans/style-guide.md	locales/zh-Hans/phrasebook.md	native_style_accuracy	pending_native_review	pending_reviewer_notes
zh-Hans	settings.themeDarkLabel	settings	深色		docs/localization/sample-corpus/zh-Hans/style-guide.md	locales/zh-Hans/phrasebook.md	native_style_accuracy	pending_native_review	pending_reviewer_notes
zh-Hans	settings.themeLightLabel	settings	浅色		docs/localization/sample-corpus/zh-Hans/style-guide.md	locales/zh-Hans/phrasebook.md	native_style_accuracy	pending_native_review	pending_reviewer_notes
zh-Hans	settings.themeModeSummaryTemplate	settings	当前主题：{label}	{label}	docs/localization/sample-corpus/zh-Hans/style-guide.md	locales/zh-Hans/phrasebook.md	placeholder_interpolation	pending_native_review	pending_reviewer_notes
zh-Hans	settings.themeModeTitle	settings	主题		docs/localization/sample-corpus/zh-Hans/style-guide.md	locales/zh-Hans/phrasebook.md	native_style_accuracy	pending_native_review	pending_reviewer_notes
zh-Hans	settings.themeSystemLabel	settings	跟随系统		docs/localization/sample-corpus/zh-Hans/style-guide.md	locales/zh-Hans/phrasebook.md	native_style_accuracy	pending_native_review	pending_reviewer_notes
zh-Hans	settings.title	settings	设置		docs/localization/sample-corpus/zh-Hans/style-guide.md	locales/zh-Hans/phrasebook.md	native_style_accuracy	pending_native_review	pending_reviewer_notes
